PID,MID
1,1
2,3
3,6
4,7
5,7
6,8
7,9
8,10
9,12
10,13
11,14
12,17
13,17
14,19
15,21
16,23
17,24
18,24
19,25
20,27
21,28
22,29
23,30
24,31
25,31
26,31
27,36
28,37
29,39
30,42
31,43
32,44
33,45
34,46
35,47
36,48
37,49
38,52
38,53
38,54
38,55
39,57
40,58
39,59
40,60
39,61
41,62
42,63
43,64
44,65
45,69
46,69
47,69
48,72
49,74
50,76
51,78
52,79
52,80
53,81
54,82
55,85
56,85
57,87
58,89
59,91
60,92
61,92
62,94
63,95
64,97
65,102
66,102
67,103
68,104
69,106
70,108
71,111
72,111
73,113
74,114
75,115
76,116
77,117
78,118
79,119
80,120
76,123
81,127
82,128
83,129
84,130
85,131
86,132
87,134
88,135
89,136
90,137
91,138
84,139
92,140
93,141
94,142
95,143
96,144
97,145
98,146
99,146
100,147
101,149
102,150
103,151
104,152
105,152
106,153
107,156
108,157
109,158
110,159
111,160
112,162
97,163
113,164
114,165
115,167
116,168
117,168
118,169
119,169
120,170
121,171
122,172
123,173
124,174
37,175
125,176
126,177
127,178
128,179
129,179
130,180
131,181
132,183
120,184
65,186
66,186
133,189
134,189
135,191
136,192
137,193
138,196
139,197
49,199
140,200
141,201
142,202
143,202
144,203
145,204
137,205
146,206
147,207
148,208
149,209
149,210
150,211
151,212
152,215
148,216
153,217
154,217
149,218
155,222
156,223
157,224
158,224
159,228
160,229
161,230
162,231
163,232
164,234
165,236
166,237
166,238
166,239
166,240
167,241
168,245
169,247
170,248
171,250
172,251
173,252
174,253
175,254
176,256
177,257
175,258
178,259
179,260
11,262
180,263
181,265
76,268
182,269
183,271
184,274
185,277
186,279
187,280
188,282
189,283
190,284
191,285
192,286
193,288
194,291
195,293
196,294
197,295
198,296
199,298
200,298
201,298
202,298
203,298
204,298
166,298
205,298
206,298
207,299
208,300
209,301
210,301
211,302
212,303
213,303
214,304
215,305
216,306
217,307
218,308
219,309
220,311
221,315
222,316
223,317
224,318
225,319
226,319
227,326
228,327
229,328
230,329
30,330
231,331
232,331
89,333
233,334
234,335
235,336
236,338
237,340
238,340
239,341
240,342
241,343
242,344
242,345
243,346
244,347
245,348
246,349
247,350
248,351
249,352
250,353
251,354
252,355
253,356
254,357
156,358
255,359
92,360
256,361
257,363
258,364
259,366
260,368
259,372
261,373
262,374
263,375
264,376
265,378
266,379
267,381
268,384
269,385
270,388
271,389
272,389
273,390
274,393
275,394
276,395
277,396
278,397
279,399
280,403
281,406
282,407
282,408
282,409
282,410
282,411
282,412
282,413
282,414
282,415
282,416
282,417
283,418
284,419
285,419
282,420
282,421
282,422
286,422
282,423
282,424
282,425
287,427
288,427
289,428
290,429
291,430
292,433
293,433
294,433
295,434
296,437
297,438
298,439
299,440
300,440
301,440
302,440
303,440
304,442
305,444
306,445
307,446
308,447
309,448
309,449
310,450
311,451
312,452
313,453
314,455
315,456
316,458
317,459
318,461
319,461
320,462
321,463
322,464
323,464
324,465
325,468
326,469
327,470
328,472
329,472
330,474
331,475
332,476
333,477
304,480
334,481
335,482
336,485
337,486
338,487
339,487
340,490
341,492
342,493
343,495
344,496
345,497
346,499
347,501
291,502
348,503
349,504
350,506
351,506
352,507
353,508
354,509
355,519
356,529
357,529
358,530
359,532
360,532
361,532
362,535
363,542
364,543
304,551
365,552
366,553
367,555
368,556
369,557
370,558
371,558
372,559
120,560
373,561
374,562
374,563
374,564
240,565
375,567
376,568
241,569
377,570
378,571
379,573
380,574
381,574
382,575
383,576
384,577
385,578
386,579
387,580
388,581
389,582
256,583
390,584
391,585
392,586
393,587
394,588
395,588
396,588
397,588
398,588
399,590
400,592
401,593
402,594
403,595
404,596
405,597
406,598
407,599
408,600
409,601
410,602
410,603
410,604
411,605
412,606
413,607
414,608
415,609
416,610
417,611
418,612
419,612
420,613
421,614
422,615
423,616
424,617
425,619
426,620
427,622
428,623
429,624
430,625
431,627
432,630
433,631
434,633
435,634
436,635
437,636
438,637
439,638
440,638
25,638
441,644
442,645
443,646
444,647
350,650
445,651
446,652
446,653
447,655
447,656
447,657
448,665
449,667
450,671
451,671
450,672
451,672
450,673
452,677
453,682
454,684
455,686
203,688
207,689
450,690
451,690
261,691
223,693
456,694
457,695
457,696
458,699
459,702
460,703
461,705
462,706
463,708
464,709
465,712
466,713
467,717
468,719
469,722
470,723
471,724
472,725
473,727
474,727
475,728
476,728
477,729
478,736
479,737
480,738
481,740
482,741
483,742
484,743
485,743
486,744
487,746
486,747
257,748
488,751
139,753
489,755
490,757
491,758
492,759
493,760
493,761
494,763
495,765
496,766
497,767
498,769
499,770
500,770
501,771
502,772
503,774
504,775
505,776
506,777
507,778
508,778
509,780
510,782
511,783
512,784
513,785
514,787
515,788
516,789
517,791
518,792
519,793
520,794
521,795
522,797
523,798
524,799
248,800
525,801
526,802
527,803
528,804
529,805
530,807
530,808
514,809
531,810
412,811
532,812
533,813
534,815
535,816
536,817
537,818
538,819
248,820
539,822
540,823
541,824
542,825
543,827
544,828
545,829
546,830
547,832
548,832
549,833
550,835
551,837
552,839
457,840
553,841
554,842
555,845
556,846
557,847
558,851
559,854
560,857
561,859
562,860
563,861
51,862
564,864
149,865
565,866
566,867
567,867
568,868
569,871
570,872
571,873
572,874
573,876
574,878
575,879
576,880
577,882
578,883
579,886
580,887
581,888
582,890
583,892
584,893
585,894
586,895
587,896
588,898
589,899
590,900
591,902
592,904
593,905
594,906
595,907
596,908
597,910
598,911
599,912
600,914
601,915
602,916
603,917
604,918
605,918
606,920
607,923
608,925
609,927
610,929
611,930
531,931
612,932
613,933
84,934
614,935
615,936
616,936
617,936
618,938
618,939
618,940
618,941
618,942
248,943
619,944
620,945
621,946
622,947
623,948
624,949
625,950
626,951
627,952
628,953
629,954
630,955
631,955
632,956
633,957
177,959
634,960
635,961
636,962
637,962
638,963
639,965
640,965
641,967
642,970
643,971
644,972
645,974
646,975
647,977
648,978
649,979
650,980
651,980
650,981
652,982
653,983
654,984
655,985
656,986
656,987
657,988
658,989
659,990
649,991
660,992
661,993
662,993
207,995
595,996
652,996
663,997
664,1000
665,1001
666,1002
667,1003
618,1007
618,1008
618,1009
668,1010
669,1010
670,1014
671,1016
672,1017
673,1018
674,1019
675,1020
676,1021
677,1022
678,1022
679,1023
680,1024
681,1024
682,1024
683,1024
684,1025
685,1027
686,1028
687,1030
573,1031
688,1032
689,1034
690,1035
691,1035
692,1036
693,1037
694,1037
695,1038
696,1040
697,1042
698,1042
699,1043
700,1047
701,1051
240,1053
702,1054
585,1055
703,1056
704,1067
705,1068
706,1070
707,1071
618,1072
618,1073
618,1074
618,1075
708,1076
709,1076
710,1076
711,1076
712,1076
713,1076
714,1076
618,1077
618,1078
618,1079
715,1081
716,1084
717,1086
718,1087
355,1088
719,1089
720,1090
721,1090
722,1091
723,1097
724,1098
725,1099
726,1100
727,1101
728,1102
729,1103
730,1104
191,1105
731,1106
732,1107
733,1107
734,1108
735,1109
736,1110
737,1110
738,1111
739,1112
740,1113
622,1114
741,1115
742,1116
743,1118
744,1119
745,1120
746,1121
23,1122
747,1123
748,1125
749,1127
750,1129
530,1131
530,1132
530,1133
514,1134
751,1135
752,1135
753,1136
754,1137
755,1137
756,1138
757,1139
758,1140
759,1141
199,1142
760,1143
761,1145
762,1146
763,1147
764,1148
765,1151
766,1152
767,1154
768,1155
769,1156
770,1157
771,1160
772,1161
773,1163
774,1165
775,1166
776,1168
777,1171
778,1172
779,1173
780,1174
413,1176
781,1177
782,1178
783,1179
784,1184
785,1185
786,1186
787,1188
788,1189
789,1190
790,1191
791,1192
792,1192
793,1193
585,1194
794,1195
795,1196
796,1197
797,1198
798,1199
799,1200
800,1203
30,1204
801,1205
802,1208
803,1209
804,1210
805,1212
806,1213
807,1215
808,1216
809,1217
810,1219
811,1220
812,1221
813,1222
814,1223
815,1223
816,1224
817,1224
818,1229
819,1231
820,1233
207,1234
821,1235
2,1237
822,1238
823,1240
84,1241
824,1242
825,1243
826,1243
827,1244
828,1245
829,1247
530,1248
830,1249
831,1250
832,1250
833,1251
834,1252
835,1253
836,1254
837,1254
343,1255
530,1256
838,1257
839,1259
840,1259
841,1260
842,1261
843,1262
844,1264
845,1265
846,1266
843,1267
593,1268
847,1270
848,1274
849,1277
789,1279
850,1280
851,1281
852,1281
853,1282
744,1284
744,1285
854,1287
311,1289
855,1290
856,1291
857,1292
858,1293
859,1294
860,1294
861,1294
862,1294
863,1296
864,1298
475,1304
50,1305
865,1306
866,1308
867,1310
868,1312
869,1313
870,1316
871,1317
872,1319
873,1320
874,1323
875,1324
876,1325
877,1326
878,1327
876,1328
473,1329
879,1330
880,1331
531,1334
881,1335
882,1337
883,1338
884,1341
885,1342
886,1343
887,1344
888,1345
889,1346
890,1347
891,1348
892,1352
21,1354
893,1358
894,1359
160,1360
895,1361
896,1365
897,1367
898,1368
899,1369
900,1370
901,1371
902,1373
903,1375
904,1377
905,1379
906,1380
907,1382
908,1383
909,1387
910,1388
911,1389
912,1390
913,1391
914,1392
915,1394
916,1397
917,1398
918,1399
919,1400
920,1400
921,1404
922,1406
615,1407
923,1407
924,1408
925,1410
926,1411
927,1412
928,1413
754,1414
929,1415
930,1415
931,1416
932,1417
933,1418
934,1419
935,1420
936,1421
937,1422
938,1422
939,1423
940,1424
941,1425
939,1427
942,1429
943,1433
944,1434
945,1435
946,1435
947,1436
948,1437
949,1437
950,1439
951,1442
400,1445
952,1446
953,1447
954,1448
955,1451
956,1452
957,1453
958,1454
959,1455
960,1457
961,1459
962,1460
963,1462
964,1464
965,1465
966,1465
967,1468
968,1469
84,1470
969,1471
970,1473
971,1475
972,1476
973,1480
974,1482
975,1485
976,1485
977,1486
978,1487
979,1487
980,1489
981,1491
982,1492
983,1494
564,1495
984,1496
985,1497
986,1498
987,1499
988,1499
989,1500
990,1501
627,1502
991,1503
992,1505
993,1505
994,1508
995,1510
996,1511
997,1512
998,1513
999,1514
1000,1516
1001,1518
1002,1520
1003,1521
1004,1521
206,1521
1005,1521
1002,1522
1002,1523
1006,1524
1007,1525
1008,1526
458,1527
80,1530
1009,1531
1010,1532
1011,1533
1012,1533
1013,1534
1014,1535
1015,1537
1016,1538
1017,1541
1018,1542
1019,1542
1020,1543
1021,1545
1022,1550
1023,1551
1024,1557
1025,1558
1026,1559
1027,1559
1028,1561
1029,1562
1030,1564
1031,1565
1032,1566
573,1567
1014,1568
1014,1569
1033,1572
1034,1576
1035,1577
1036,1581
1037,1581
1038,1581
532,1582
768,1583
797,1585
1039,1587
1040,1588
1041,1588
1042,1588
1043,1589
1044,1592
1045,1592
1046,1593
409,1596
1047,1598
1048,1599
1049,1600
1050,1601
1051,1602
1052,1603
1053,1605
1054,1607
375,1609
1055,1610
689,1611
896,1613
1056,1614
1057,1617
1058,1618
1059,1621
91,1622
689,1625
1060,1627
1061,1630
1062,1631
1063,1632
1064,1633
1065,1634
18,1636
17,1636
1066,1637
1067,1638
1068,1643
1069,1644
1070,1645
1071,1646
1072,1647
986,1648
1073,1649
995,1651
1074,1652
1075,1653
1075,1654
734,1655
1076,1656
1077,1656
689,1657
1078,1658
1079,1660
1080,1661
1081,1663
1082,1664
564,1665
1083,1666
1084,1667
1085,1670
1086,1670
1087,1672
1088,1674
1089,1675
1090,1676
1091,1677
986,1678
1088,1679
211,1680
846,1681
1092,1682
986,1683
1093,1684
1094,1686
1095,1687
1096,1690
1097,1691
1098,1691
1099,1692
1100,1695
1101,1695
1099,1696
1102,1700
867,1701
1103,1703
1104,1704
1105,1705
1106,1706
1107,1707
986,1708
1108,1710
1109,1711
143,1713
1110,1714
758,1715
1111,1716
1112,1721
1113,1722
1114,1722
1115,1726
1116,1728
1117,1729
1118,1729
1119,1729
1120,1730
1121,1732
458,1733
1122,1734
1123,1735
1124,1736
1125,1737
1099,1740
1126,1742
1127,1743
1128,1744
1129,1745
1130,1748
1131,1748
1132,1750
1133,1752
1133,1753
1134,1754
1135,1762
1136,1763
1137,1764
799,1765
917,1768
1138,1769
1023,1771
1139,1772
1140,1773
1141,1775
1142,1776
1143,1777
1144,1778
1145,1781
1146,1784
1147,1785
1148,1786
1149,1787
1150,1788
1151,1789
1152,1790
1153,1793
1154,1794
1155,1795
1156,1795
1157,1796
1158,1797
1159,1798
1160,1799
1161,1801
1162,1801
1163,1802
1164,1803
1165,1806
1166,1806
1167,1807
1168,1808
1169,1809
986,1810
1170,1811
1171,1812
1172,1813
1173,1815
981,1816
514,1817
1174,1818
1175,1819
1176,1820
1175,1821
1175,1822
1174,1823
1177,1824
1178,1825
1179,1826
1174,1827
1175,1828
1180,1830
1181,1831
1174,1832
1182,1833
1183,1834
1184,1834
1185,1836
1186,1837
1187,1837
1188,1839
444,1841
1189,1843
1190,1844
1191,1845
1192,1846
1193,1847
754,1850
1194,1851
1195,1854
1196,1854
1197,1856
1198,1856
1199,1857
1200,1858
1201,1859
766,1860
1202,1862
1203,1863
1204,1864
1205,1866
1157,1867
864,1868
1206,1870
648,1871
1207,1873
1208,1875
1209,1875
1210,1877
181,1880
1211,1881
1212,1882
1213,1883
1214,1884
1215,1885
1216,1887
1217,1887
1218,1887
1219,1888
1220,1889
1221,1892
17,1893
18,1893
257,1897
1222,1898
1223,1899
655,1900
1224,1901
1225,1902
1226,1903
1227,1904
1228,1905
1229,1905
1230,1906
247,1910
1231,1912
1232,1913
1233,1914
1234,1914
1235,1917
1236,1920
1237,1921
1238,1922
1239,1925
1240,1927
1241,1928
1242,1931
1243,1932
1244,1935
1245,1936
1246,1937
1244,1938
1247,1939
25,1940
211,1941
1201,1942
25,1943
1248,1944
1202,1945
1249,1946
1250,1947
1251,1951
647,1954
1252,1958
1253,1960
1254,1961
1255,1961
1256,1963
1257,1964
1258,1965
1258,1966
1259,1966
1258,1967
1259,1967
1260,1968
1258,1969
1258,1970
1261,1971
1262,1972
1263,1973
1264,1975
1265,1976
1266,1977
1267,1978
1268,1982
1269,1983
950,1985
1270,1986
1269,1987
1271,1988
1272,1993
1273,1996
1274,1997
1275,1998
1276,1999
1277,2000
1278,2001
1279,2002
63,2004
1280,2005
1281,2006
1282,2008
1283,2011
1284,2012
1285,2015
1286,2016
1287,2017
1288,2018
1288,2019
1289,2020
1290,2021
1291,2023
1292,2024
649,2025
1293,2026
1294,2027
1295,2028
1296,2028
1297,2029
375,2030
1298,2031
1299,2032
1300,2034
1301,2035
1302,2036
1303,2037
1304,2039
1305,2039
1306,2040
1307,2042
1308,2044
1309,2046
495,2047
1310,2049
458,2050
1311,2051
1312,2051
1313,2052
1314,2053
1315,2056
1316,2057
1317,2058
1318,2060
1168,2061
1319,2062
1320,2066
1321,2068
1322,2072
1323,2073
1324,2075
1325,2076
1326,2077
1327,2077
1328,2077
1329,2078
63,2080
1330,2081
1331,2082
1332,2082
1333,2083
1334,2084
1335,2085
1336,2088
1337,2088
1338,2089
1339,2091
1340,2092
1341,2093
1342,2095
1343,2096
1344,2101
1345,2104
1346,2105
1347,2108
1348,2109
1349,2111
93,2112
51,2115
1350,2116
1351,2117
1352,2118
1353,2120
1354,2121
1355,2122
675,2127
1356,2129
1357,2130
1358,2131
766,2132
1359,2133
1360,2133
1361,2138
1273,2139
1273,2140
1362,2142
404,2143
1363,2144
1364,2147
1115,2148
1365,2150
1366,2151
1367,2155
981,2156
1368,2160
1369,2162
1370,2164
1371,2165
18,2167
17,2167
1372,2168
991,2170
1373,2172
1374,2173
469,2177
532,2178
1375,2180
1376,2183
1377,2184
1378,2186
1379,2186
1380,2187
1381,2188
1382,2188
1383,2189
1384,2192
1385,2194
1386,2195
1387,2196
1388,2197
1389,2198
1390,2199
1391,2200
1392,2201
1393,2203
1394,2205
1395,2206
1396,2207
1397,2208
1398,2208
1076,2209
1077,2209
1399,2210
1400,2211
1401,2212
191,2214
1402,2215
1403,2216
1404,2217
1405,2220
1406,2220
1407,2221
1408,2222
1409,2222
1410,2225
1411,2229
1412,2229
1413,2232
1414,2232
1415,2233
1416,2234
182,2235
1417,2240
1418,2241
1419,2243
1420,2244
1421,2245
1422,2245
1423,2246
1424,2248
1425,2249
1426,2251
1427,2252
56,2253
1428,2257
1429,2258
1430,2258
1431,2260
1432,2261
1433,2261
1434,2262
1435,2263
1436,2263
1437,2264
1438,2265
1439,2266
1440,2267
1088,2268
147,2268
1441,2268
1442,2268
1443,2269
1444,2270
146,2271
1445,2272
1446,2273
1447,2274
1448,2275
1449,2276
1222,2277
1450,2278
1451,2279
846,2280
1286,2281
1452,2282
1453,2283
1454,2284
1455,2285
1456,2286
1457,2286
1458,2287
1459,2288
199,2289
1460,2290
1461,2291
1462,2292
1463,2295
1464,2296
1465,2297
1466,2301
1467,2303
1468,2303
1469,2305
1470,2305
1471,2308
1472,2309
1473,2310
850,2311
1474,2312
1473,2313
583,2315
1475,2316
1476,2317
1477,2317
1478,2318
1479,2320
789,2322
1480,2324
1464,2325
1481,2326
1482,2327
1483,2329
1484,2331
1485,2333
1486,2334
1482,2337
1487,2339
1488,2340
1488,2341
1489,2342
1490,2342
1491,2343
1492,2345
1493,2346
1494,2348
1495,2349
1496,2351
1497,2351
1498,2352
1499,2354
358,2355
1500,2357
1501,2359
647,2361
358,2362
1502,2364
1503,2365
1504,2365
358,2366
358,2367
358,2368
358,2369
358,2370
1505,2371
1486,2372
1506,2373
358,2374
1507,2375
358,2376
358,2377
1508,2378
1509,2380
1510,2381
1480,2382
1511,2383
1512,2386
1226,2387
1495,2388
1513,2390
822,2392
1514,2392
1515,2393
92,2394
1516,2398
1517,2399
1518,2403
1519,2404
452,2406
1520,2408
717,2411
1521,2412
1522,2413
1523,2413
1524,2414
1525,2414
1526,2415
1527,2417
1528,2419
1529,2420
1088,2421
182,2422
1530,2424
15,2425
1531,2428
1532,2429
1297,2430
1533,2431
1534,2432
1535,2434
1536,2435
1535,2436
1537,2437
1538,2438
1349,2439
1539,2440
1540,2442
1541,2443
1542,2444
1543,2446
1544,2447
1545,2449
1546,2452
1547,2455
1548,2456
1549,2457
1550,2458
1551,2459
358,2461
1552,2464
1552,2465
1553,2466
1554,2468
1555,2469
1556,2470
1557,2471
1558,2472
1559,2472
722,2475
362,2476
367,2478
1560,2479
1561,2479
1562,2479
1563,2480
1564,2481
1565,2481
1566,2481
1567,2481
1568,2481
1464,2482
1569,2483
1570,2484
1571,2485
1572,2486
1573,2488
1574,2489
1574,2490
1575,2491
1576,2492
1577,2493
1578,2493
1579,2494
1580,2495
1581,2495
1582,2497
876,2498
1583,2499
1584,2501
1585,2502
1541,2503
1537,2504
1586,2505
1587,2506
1587,2507
1588,2508
1535,2510
1586,2511
1589,2512
1539,2513
544,2514
1590,2517
1591,2521
1592,2522
1180,2523
1593,2528
822,2532
1514,2532
822,2533
1514,2533
1594,2534
1595,2535
1596,2536
189,2537
1597,2538
1598,2539
1599,2540
1363,2541
1600,2542
1601,2544
1602,2545
1157,2546
1603,2548
1604,2550
1605,2551
1606,2554
1607,2554
1608,2554
1609,2554
1610,2556
1611,2557
1612,2558
362,2559
1613,2560
1614,2561
1615,2562
1616,2563
1617,2564
1618,2565
1619,2566
1620,2567
774,2568
1023,2571
1621,2572
1023,2573
1622,2574
1623,2577
1624,2578
1625,2579
17,2580
18,2580
1626,2582
615,2583
616,2583
1627,2585
1628,2588
1629,2590
1630,2592
118,2593
119,2593
1631,2594
1631,2595
1631,2596
1632,2597
1633,2598
11,2602
1634,2603
1635,2604
1636,2604
1637,2605
595,2606
1638,2608
1639,2611
803,2613
1640,2613
1641,2614
1642,2615
1643,2615
1644,2616
656,2617
1645,2618
659,2619
1646,2620
595,2621
595,2622
1647,2623
1297,2624
1648,2625
1248,2626
1649,2627
1650,2630
1349,2631
894,2633
1651,2634
1652,2635
1653,2636
1654,2637
1655,2638
1297,2639
1656,2643
1657,2645
1658,2647
1658,2648
754,2650
1659,2651
1660,2653
1661,2654
1351,2655
1662,2656
1101,2657
1663,2660
1664,2664
1665,2668
2,2669
1666,2672
1667,2673
1400,2674
1668,2675
1669,2676
1670,2676
1671,2678
1672,2678
1673,2679
1674,2680
1675,2681
1676,2682
1677,2683
1678,2684
1679,2686
1680,2687
1143,2688
1638,2689
1681,2691
1682,2694
1683,2695
1684,2695
1685,2696
1686,2697
1687,2698
1688,2701
1689,2702
1690,2703
1691,2704
1692,2705
1693,2706
1694,2707
518,2708
1695,2710
1696,2712
71,2712
1697,2713
1698,2714
1699,2715
1700,2716
1701,2717
282,2718
1702,2720
1703,2720
1704,2721
1705,2722
1706,2723
1707,2724
1708,2725
1706,2726
365,2727
680,2729
1709,2730
1441,2731
1441,2732
1710,2733
1711,2734
1441,2735
1459,2736
282,2738
1712,2738
1713,2738
1714,2739
1715,2742
1716,2745
1717,2745
1718,2746
1719,2748
1720,2750
1721,2751
1722,2753
1723,2755
1724,2756
1725,2757
1726,2758
1727,2759
1728,2761
469,2763
1077,2764
1076,2764
1729,2767
1730,2769
1731,2770
1732,2770
1332,2771
1331,2771
1733,2772
1734,2774
1735,2776
1736,2777
1737,2779
1738,2781
1739,2782
1740,2782
1741,2783
1742,2787
1743,2790
1744,2796
1745,2796
1746,2797
1747,2799
1748,2800
1749,2800
385,2801
1750,2802
1751,2804
1752,2806
1753,2807
1754,2810
1755,2811
1631,2812
1631,2813
1756,2814
1631,2815
1757,2816
1758,2818
1759,2820
1760,2821
279,2822
1761,2823
1762,2824
1763,2829
405,2830
1764,2831
1765,2832
196,2833
1766,2834
1767,2835
936,2836
1136,2837
1768,2838
556,2840
1769,2841
1770,2843
1771,2844
1772,2845
1773,2845
1771,2846
1774,2847
1775,2848
1776,2848
1617,2849
1588,2850
1777,2851
1778,2852
1779,2853
1780,2854
1781,2857
1782,2859
1783,2860
894,2861
1784,2862
1785,2863
240,2864
1786,2865
1787,2866
1788,2867
1335,2868
1769,2874
1789,2877
1790,2877
1791,2878
1792,2878
1237,2878
1793,2878
1794,2878
1795,2879
794,2880
1417,2882
1351,2883
1796,2885
291,2886
1797,2887
1798,2888
1799,2890
1800,2891
1801,2896
1802,2897
1803,2898
1804,2899
1805,2900
1806,2902
1807,2904
1808,2905
1809,2906
1281,2907
1810,2908
1811,2909
1812,2910
1813,2912
1814,2912
1815,2913
1816,2914
1817,2915
1818,2916
675,2917
188,2919
1819,2920
1820,2920
1821,2920
1822,2924
1823,2924
1824,2925
1825,2925
872,2926
1559,2929
1558,2929
1826,2930
984,2931
1827,2933
1828,2934
1829,2935
1830,2936
1831,2937
1832,2940
1833,2941
1834,2944
1835,2947
1836,2947
1837,2948
1838,2949
1839,2949
1840,2950
1841,2950
1842,2951
1843,2952
1844,2953
1802,2955
1845,2956
1846,2957
1488,2958
1847,2961
1848,2962
1849,2963
1850,2964
1851,2969
1488,2970
1852,2971
1853,2973
1485,2974
1854,2976
1855,2979
1856,2982
1857,2986
819,2987
1020,2988
1858,2988
1859,2989
1860,2989
1861,2990
1862,2991
1863,2996
497,2997
1864,3000
1865,3003
1866,3003
1867,3004
1868,3005
1869,3007
1870,3008
307,3009
1871,3010
1872,3015
1873,3017
1874,3018
1875,3019
1561,3020
1876,3022
1877,3023
1878,3024
1879,3026
1880,3027
1881,3028
1882,3028
1661,3030
1883,3032
1884,3033
1444,3037
1885,3039
514,3042
1886,3044
1887,3045
1888,3047
1595,3049
1889,3052
1890,3055
1891,3058
1892,3058
1891,3059
1893,3059
1891,3060
1088,3061
147,3061
1441,3061
1442,3061
471,3062
1894,3063
1617,3065
1895,3068
686,3069
1896,3070
1889,3071
1897,3073
1898,3074
1899,3078
1900,3079
1901,3081
1902,3082
1903,3090
1904,3091
1905,3092
1906,3094
1907,3095
1908,3097
750,3098
1909,3099
1910,3099
1911,3100
514,3101
1912,3102
1913,3102
571,3103
1914,3105
1915,3106
1916,3108
1917,3110
1918,3111
1638,3113
1919,3114
1920,3115
1638,3116
1921,3117
1922,3119
1923,3122
1924,3124
1925,3125
1926,3125
1927,3125
1928,3125
1929,3125
1930,3125
1931,3125
1932,3125
1933,3125
1934,3125
1935,3125
1354,3126
1936,3127
1480,3131
1937,3132
1442,3133
1937,3134
1937,3135
1938,3136
672,3137
1939,3138
774,3139
1940,3140
1941,3141
1942,3142
1937,3143
1442,3144
1466,3145
1943,3146
1940,3148
1442,3150
1944,3151
421,3152
36,3153
1638,3154
1945,3155
1946,3156
421,3157
1947,3158
1948,3159
1538,3160
1949,3161
1950,3162
1951,3163
1952,3164
1953,3165
734,3167
1371,3168
1954,3170
1955,3171
1956,3172
1957,3175
1958,3176
1959,3176
1638,3179
1638,3180
1960,3181
1961,3187
1962,3189
1963,3190
1964,3191
1965,3192
1966,3194
1967,3195
1968,3196
1969,3198
1970,3199
1971,3201
1972,3202
1973,3203
1974,3203
1975,3204
858,3206
1976,3206
1977,3207
1978,3208
182,3210
1979,3211
1980,3212
1981,3214
1982,3215
1983,3216
1413,3218
1095,3219
1984,3224
1985,3225
51,3226
1986,3227
1987,3227
894,3228
1621,3229
532,3230
1988,3234
1989,3235
1990,3235
518,3236
1991,3238
1939,3240
1840,3245
1841,3245
1992,3249
1993,3251
1994,3252
1995,3254
1996,3255
1997,3257
1998,3260
1999,3261
893,3262
2000,3263
2001,3265
2002,3266
2003,3267
2004,3268
2005,3269
2006,3269
2007,3273
2008,3274
2009,3279
2010,3281
2011,3286
2012,3290
1017,3291
2013,3293
2014,3297
2015,3298
2016,3300
2017,3301
2018,3303
1617,3304
2019,3306
2020,3308
2021,3309
1095,3310
2022,3312
2023,3313
1372,3316
1372,3318
2024,3319
2025,3320
2026,3320
74,3321
2027,3322
191,3323
2028,3324
2029,3325
2030,3327
2031,3330
2032,3332
2033,3333
1704,3335
2034,3336
2035,3336
372,3338
2036,3339
2037,3344
444,3347
2038,3348
2039,3349
2040,3350
2041,3354
2042,3354
2043,3355
2044,3357
2045,3359
2046,3360
1071,3363
2040,3366
2047,3367
647,3372
2048,3373
2049,3375
2050,3377
2051,3380
2052,3381
2053,3384
2054,3385
2055,3385
2056,3387
2057,3388
2058,3389
1173,3390
51,3391
2059,3392
196,3393
2060,3399
1920,3400
595,3403
2061,3406
2062,3408
2063,3409
2064,3410
1143,3412
2065,3413
2066,3414
2067,3418
2068,3419
336,3420
2060,3422
2069,3423
2070,3424
2071,3425
2072,3426
2073,3426
649,3428
2074,3429
156,3430
2075,3432
1634,3433
2076,3435
2077,3437
2078,3439
2079,3440
1663,3442
984,3444
2080,3447
2081,3449
2082,3451
2083,3452
2084,3457
532,3457
2085,3460
2086,3461
2087,3462
2088,3466
2089,3469
2090,3472
2091,3473
2092,3473
2093,3476
2094,3476
1954,3477
2095,3478
1278,3479
2096,3480
2096,3481
2097,3483
2098,3485
2099,3486
2100,3486
2101,3486
752,3486
2102,3486
2103,3486
2104,3486
2105,3486
2106,3486
2107,3486
2108,3487
2109,3488
2110,3491
860,3493
860,3494
2111,3495
789,3496
2112,3497
2113,3498
2114,3499
2115,3501
2116,3504
2117,3507
2118,3507
659,3508
2119,3510
1334,3512
791,3513
321,3514
887,3515
860,3517
2120,3518
2121,3519
656,3521
2122,3523
2123,3524
827,3529
2124,3530
2125,3531
2126,3532
2127,3533
653,3534
2128,3537
2129,3538
2130,3539
2131,3542
2130,3543
2132,3543
1064,3545
1550,3546
2133,3548
2134,3548
774,3549
2135,3550
2136,3555
627,3556
2137,3557
2138,3558
2139,3560
2140,3561
2141,3564
2142,3565
2143,3566
2144,3567
1113,3568
1114,3568
2145,3569
2145,3570
2145,3571
1014,3573
2146,3575
2147,3583
482,3584
2148,3587
982,3590
1088,3590
2149,3591
2150,3591
1116,3591
2151,3591
2152,3591
2153,3591
2154,3591
1674,3592
2155,3594
2156,3595
2157,3596
2158,3597
2159,3600
2160,3603
2161,3604
2162,3604
2163,3606
2164,3614
2164,3615
2165,3617
2166,3618
573,3619
1949,3620
1855,3621
220,3622
1615,3623
2167,3624
2168,3626
1850,3627
2169,3629
2170,3631
2171,3632
2172,3635
1588,3636
2173,3638
1965,3639
2174,3640
93,3642
2175,3644
2176,3644
2177,3646
1685,3647
2178,3647
2179,3648
2180,3649
2181,3650
2182,3650
2183,3651
2184,3653
2185,3654
1415,3658
2186,3659
2187,3662
2188,3663
2189,3669
2190,3671
57,3673
2191,3676
2192,3677
2193,3679
2194,3680
2195,3682
2196,3682
2197,3682
887,3684
1961,3694
2198,3698
2199,3699
2200,3700
2201,3702
2202,3704
2203,3707
240,3710
497,3712
277,3712
2165,3714
2204,3715
2205,3716
1334,3718
2206,3718
2207,3719
2208,3720
2209,3720
2210,3720
2211,3721
2211,3729
2212,3729
2213,3730
2214,3730
2215,3731
1690,3732
2130,3733
1685,3734
2216,3735
2217,3736
2218,3739
2219,3739
2220,3740
2221,3741
2222,3744
11,3748
2223,3754
2224,3757
2225,3758
1855,3759
894,3760
2226,3762
2227,3764
2228,3765
270,3766
2229,3767
2230,3768
2231,3769
97,3772
2232,3773
2007,3774
2233,3776
1588,3777
2234,3778
2235,3778
2236,3782
2237,3784
447,3786
2238,3787
137,3789
2239,3791
2240,3792
2241,3794
1613,3796
2242,3798
375,3799
2243,3801
2244,3803
2245,3803
2246,3804
440,3805
1961,3806
2247,3809
2198,3810
2198,3811
2198,3812
2248,3814
2249,3815
2250,3816
2251,3817
2252,3819
2253,3820
2254,3821
2255,3823
2256,3826
2257,3829
1372,3830
2258,3831
2259,3833
2260,3834
2261,3835
2118,3837
824,3842
2262,3843
2263,3858
2264,3858
2265,3859
2266,3860
2267,3861
2268,3863
473,3864
2269,3866
2270,3867
2271,3869
37,3870
2272,3872
2273,3873
2274,3874
2275,3875
2276,3876
1588,3878
2277,3886
774,3889
595,3890
2278,3891
2279,3892
274,3894
2280,3895
2281,3896
2282,3897
2283,3900
2284,3904
2285,3905
2286,3906
2287,3907
2288,3908
2289,3909
77,3911
2290,3912
2157,3913
1222,3914
2165,3915
2291,3916
2292,3917
2293,3918
2294,3919
1246,3920
2136,3922
2295,3923
2295,3924
2296,3927
2297,3929
2298,3929
2299,3929
2300,3929
774,3930
2301,3931
20,3933
203,3934
2302,3936
203,3940
2303,3946
774,3948
2225,3949
2304,3949
2305,3951
2306,3952
1095,3953
2307,3955
2308,3956
2309,3958
2310,3960
2311,3961
2312,3963
2313,3964
2314,3967
2315,3968
2316,3973
754,3974
1663,3975
2317,3976
2318,3978
2319,3979
2320,3979
635,3983
2321,3984
953,3986
2322,3991
2323,3992
1048,3993
2324,3994
1032,3995
858,3996
2325,3998
2326,3998
2327,4000
2328,4001
2329,4003
2330,4004
2250,4005
2331,4006
791,4008
471,4009
2332,4009
791,4010
471,4011
2333,4012
1226,4014
2324,4018
2334,4019
2323,4020
1032,4021
986,4022
2335,4025
2336,4026
2337,4032
2338,4032
2339,4034
2340,4035
2341,4037
1589,4038
2322,4039
2334,4040
458,4041
2342,4042
2343,4046
573,4047
1124,4048
2344,4049
2345,4050
2346,4051
2347,4052
1735,4053
2348,4054
2349,4059
2350,4060
2351,4061
20,4062
2352,4063
2353,4065
2354,4065
139,4066
2355,4067
2356,4068
986,4069
2322,4070
573,4071
573,4072
2357,4073
986,4074
986,4075
986,4076
986,4077
1168,4078
2334,4079
2358,4081
2359,4082
2360,4083
1663,4084
2361,4086
2362,4087
2363,4088
2364,4089
2365,4092
2366,4093
2367,4094
2368,4095
2369,4096
2370,4097
2371,4098
2372,4099
2373,4100
2374,4101
2375,4102
1222,4103
1247,4104
2376,4105
2377,4107
26,4108
2378,4109
2379,4111
2380,4111
2381,4113
2382,4114
1673,4116
2383,4118
2064,4121
2384,4122
2385,4124
2386,4125
1563,4129
2387,4134
2388,4135
2389,4136
2390,4136
2391,4136
2392,4136
238,4137
237,4137
2393,4139
2394,4140
2395,4147
2396,4148
111,4149
2397,4151
1966,4152
2398,4153
791,4154
2399,4155
2400,4156
2401,4157
2402,4158
2403,4159
754,4160
2404,4161
754,4162
2405,4162
2406,4165
2407,4166
2408,4166
2409,4170
2410,4174
2411,4174
2412,4175
795,4177
2413,4178
2414,4181
1153,4182
597,4183
2415,4186
2416,4187
205,4189
2417,4191
2418,4192
2419,4193
2420,4194
2225,4195
2225,4196
2421,4198
1168,4199
2422,4204
2423,4205
2424,4206
2425,4209
2426,4209
2427,4210
2428,4211
2429,4212
2430,4213
2431,4214
2432,4215
2433,4218
2434,4218
2435,4220
2436,4222
2177,4223
1789,4224
2437,4225
2438,4226
2439,4229
2439,4230
2440,4232
2440,4233
2441,4234
2442,4234
2443,4235
2444,4237
2445,4238
2445,4239
2445,4240
995,4243
2446,4244
2447,4245
2448,4247
2448,4248
2177,4249
2449,4250
2450,4253
2451,4256
2452,4259
2453,4260
2454,4263
2455,4268
2456,4269
2457,4276
2458,4278
2459,4279
2460,4281
2461,4282
2462,4283
2463,4284
391,4285
2464,4285
2465,4286
1901,4287
2466,4288
2467,4290
2468,4290
2469,4292
2470,4293
2471,4294
2472,4295
2473,4296
2474,4298
2448,4300
2448,4302
2475,4303
2476,4304
2477,4307
2478,4314
2479,4314
1588,4315
2480,4316
2481,4318
2482,4319
2483,4320
2484,4322
2279,4323
2084,4324
2485,4325
1278,4326
2486,4329
2487,4330
2488,4331
2489,4332
2490,4333
2491,4334
2492,4335
2493,4336
2494,4337
2491,4338
2491,4339
2495,4340
2496,4342
2497,4342
2498,4343
2487,4344
2499,4346
2500,4347
2501,4349
2502,4350
1960,4352
1055,4353
2503,4355
2504,4355
2505,4356
2506,4358
2293,4359
2507,4361
2508,4362
2509,4365
2510,4365
2511,4370
2512,4371
2513,4374
2225,4375
2514,4376
2515,4378
2068,4379
2516,4383
2517,4384
1672,4386
1671,4386
2518,4389
1099,4391
2519,4392
2520,4393
2521,4394
2522,4395
2523,4395
2524,4396
1117,4397
1118,4397
2525,4398
2526,4399
2527,4402
2528,4403
2529,4405
2530,4412
2531,4415
2532,4417
2533,4418
2534,4419
2535,4420
2536,4421
2537,4422
2538,4423
2538,4424
2539,4425
2540,4426
143,4427
1201,4428
1099,4429
200,4430
2541,4430
2542,4432
1452,4433
2543,4434
2544,4435
2545,4436
2546,4438
2537,4439
2547,4440
149,4441
2548,4442
2549,4443
2550,4444
2551,4445
1943,4446
2552,4447
2553,4448
2554,4449
143,4450
1949,4451
1446,4452
2555,4453
2537,4454
147,4455
1264,4456
2556,4457
939,4458
2557,4459
2558,4460
2559,4461
2560,4463
2561,4464
1093,4465
676,4467
2562,4468
2406,4469
1407,4471
2563,4472
2564,4473
2565,4474
2566,4476
2567,4478
2157,4481
2568,4482
181,4483
514,4485
2569,4487
2570,4487
277,4491
1508,4493
2571,4494
2572,4497
2573,4500
2520,4501
2574,4503
2575,4506
2576,4507
741,4508
2577,4510
2578,4511
2579,4513
2580,4514
2581,4515
2582,4516
1165,4517
73,4520
613,4523
2583,4525
2584,4525
2139,4526
2585,4527
2586,4529
2587,4533
2588,4534
2589,4538
2590,4539
514,4540
2591,4541
2592,4541
2593,4542
2594,4544
2591,4545
2594,4546
2595,4548
2596,4548
2597,4549
2598,4549
2434,4553
2596,4555
2599,4556
2600,4557
1099,4558
268,4559
2601,4560
2602,4561
2239,4562
1088,4563
2603,4564
2604,4565
1711,4566
2605,4567
2546,4568
2606,4569
2607,4570
143,4572
2608,4573
675,4574
2609,4575
2610,4576
2608,4577
2005,4578
2611,4579
2612,4580
1719,4581
1262,4582
2613,4583
2614,4584
2495,4585
2546,4586
1629,4587
2615,4588
2616,4589
2617,4590
2617,4591
2618,4592
2574,4593
2619,4594
1966,4595
2620,4596
2621,4597
2622,4598
2623,4599
2624,4600
1457,4601
1456,4601
1456,4602
1457,4602
2625,4603
2626,4604
2627,4606
2452,4607
2552,4608
2628,4610
982,4611
2601,4612
2629,4613
2630,4614
2631,4615
2632,4616
2633,4617
2634,4618
2635,4619
2636,4620
2637,4621
2225,4625
2638,4626
2189,4626
2639,4627
2640,4631
2641,4631
2642,4642
2643,4643
2644,4647
2645,4650
2646,4654
2647,4657
2648,4657
2649,4658
2650,4660
741,4661
1334,4662
2651,4665
1145,4666
2652,4667
2653,4668
2654,4669
2655,4670
2656,4672
1107,4676
2657,4680
2378,4681
2345,4682
2658,4684
2659,4685
2660,4686
2661,4687
2662,4688
1675,4689
24,4691
2663,4692
2664,4693
2665,4694
2666,4695
2667,4698
2668,4699
2669,4700
982,4701
2670,4702
2671,4706
2672,4707
194,4708
1553,4709
2673,4713
2674,4714
2675,4715
2676,4716
2677,4716
2678,4716
2679,4719
2610,4720
1459,4721
2680,4721
2548,4722
1943,4723
2681,4724
2682,4725
2610,4726
1248,4727
1708,4728
1628,4729
2683,4730
675,4731
939,4732
2239,4733
2684,4734
1248,4735
2685,4736
1250,4737
2610,4738
2686,4740
2687,4740
2688,4741
2689,4746
2689,4747
2690,4749
2691,4750
2692,4750
2693,4752
2694,4754
1977,4756
1997,4757
1768,4758
2695,4761
1953,4766
654,4769
2425,4770
2426,4770
275,4771
1916,4774
1434,4775
2696,4776
2697,4780
2691,4782
2692,4782
2698,4783
2699,4784
2700,4785
2559,4786
2701,4787
2701,4788
1588,4789
2702,4790
2703,4791
543,4792
2012,4792
2612,4793
2704,4794
810,4795
2519,4796
2705,4797
1602,4798
2706,4800
1448,4801
2485,4802
2707,4802
2708,4803
1685,4804
2709,4806
2710,4807
2691,4809
2692,4809
2711,4811
714,4812
2712,4813
1855,4815
2713,4817
2714,4818
2715,4820
2716,4823
1555,4824
2717,4824
1442,4826
1441,4826
1088,4826
147,4826
2718,4827
2719,4828
2720,4828
1601,4829
2721,4830
2722,4831
2723,4834
2724,4835
2287,4836
2725,4840
2726,4841
405,4843
2727,4844
2728,4848
2691,4850
2692,4850
2729,4851
1588,4852
2464,4855
779,4856
2730,4859
2731,4860
1460,4861
2732,4862
1685,4864
2733,4865
2734,4865
2691,4867
2692,4867
2735,4868
2736,4868
191,4869
2737,4871
2738,4872
2739,4873
2513,4874
2740,4876
2741,4877
2742,4878
2743,4878
2744,4879
2745,4881
2746,4882
2747,4883
774,4884
2748,4885
2749,4886
2750,4887
2751,4888
2752,4888
2753,4889
2754,4890
1580,4891
1099,4892
2755,4894
2756,4898
2757,4898
200,4900
2758,4902
2759,4903
2760,4905
2761,4906
2762,4907
2763,4908
2764,4910
180,4912
2765,4913
2766,4916
2767,4917
2768,4917
2769,4918
2770,4918
2771,4918
2772,4919
2773,4920
2774,4921
486,4922
2775,4923
2776,4923
2777,4924
790,4928
2778,4929
2779,4930
2780,4932
2781,4933
2782,4935
2783,4936
2784,4937
2785,4938
1663,4939
2786,4940
2691,4941
2692,4941
2787,4944
2788,4945
2789,4946
2790,4948
200,4949
1663,4951
2791,4953
2792,4954
2791,4955
2793,4956
2612,4957
2794,4959
2795,4960
2796,4961
2691,4963
2692,4963
2797,4964
2661,4966
2661,4967
2798,4969
1965,4970
2223,4971
2799,4972
2800,4973
2801,4975
2802,4976
2803,4978
2804,4980
2805,4982
2806,4983
2807,4984
2808,4987
2809,4988
2810,4990
2811,4991
2812,4992
2813,4994
2814,4996
1392,4997
2815,4997
471,4999
2816,5000
2691,5002
2692,5002
2691,5003
2692,5003
2817,5004
2818,5007
175,5008
175,5009
146,5010
914,5011
2819,5012
2820,5013
2821,5014
675,5015
1566,5016
1567,5016
1568,5016
1566,5017
1567,5017
1568,5017
1566,5018
1567,5018
1568,5018
2661,5019
2661,5020
2822,5021
175,5022
2823,5023
1588,5025
1878,5026
2824,5029
2825,5032
2826,5034
2827,5035
2828,5038
543,5040
2829,5041
2830,5042
2831,5042
2832,5043
2833,5044
2834,5045
1949,5046
2835,5048
1516,5050
2836,5051
2837,5052
173,5054
2838,5055
2839,5056
2840,5057
2841,5059
2842,5059
2843,5060
1516,5061
2691,5063
2692,5063
2844,5065
2691,5067
2692,5067
2845,5068
2846,5069
2847,5069
1516,5072
2848,5073
2849,5074
2850,5074
2851,5075
2691,5077
2692,5077
2425,5078
2426,5078
2852,5080
2853,5080
2854,5081
2855,5082
2856,5084
2857,5085
2858,5086
1685,5087
2859,5089
3,5092
1751,5093
2860,5094
2861,5095
2862,5097
2139,5101
2863,5102
2864,5103
2865,5105
1046,5107
2866,5108
2177,5109
2867,5111
2868,5112
565,5114
2869,5115
2870,5116
1099,5116
2871,5117
2781,5118
372,5122
2872,5123
2873,5124
2874,5125
1588,5128
1104,5130
2853,5131
2852,5132
2853,5132
2875,5133
2876,5134
2177,5135
1248,5136
2877,5137
2878,5138
2879,5138
2880,5143
2881,5144
2882,5144
2883,5145
1518,5147
2884,5149
2885,5149
2886,5152
2887,5153
2888,5154
565,5157
538,5159
2889,5159
2890,5161
789,5162
2891,5163
740,5164
795,5165
1803,5168
1588,5172
2892,5173
2893,5175
2691,5177
2692,5177
2374,5178
2894,5180
2895,5182
2896,5183
1250,5184
2897,5185
2898,5187
2899,5188
2900,5189
2337,5189
2901,5190
2902,5191
2903,5197
2904,5198
2905,5199
2513,5200
2906,5202
2907,5203
274,5204
2336,5205
2051,5208
2908,5210
2909,5210
2910,5212
2911,5213
2737,5214
149,5215
2912,5218
2913,5219
2914,5221
2915,5223
2916,5224
2692,5225
2917,5226
375,5227
1954,5228
2918,5229
2919,5230
1685,5231
2920,5234
2921,5235
2922,5236
2923,5239
2924,5240
2157,5241
2925,5242
2926,5249
2927,5250
2928,5250
3,5253
2929,5254
2930,5256
2931,5257
2932,5261
2933,5262
2934,5265
2935,5266
2936,5267
2937,5268
2938,5269
1319,5270
1807,5271
2939,5272
2816,5274
714,5276
471,5277
2940,5278
2941,5280
2942,5280
2943,5282
2668,5283
405,5284
2854,5291
2944,5293
2944,5294
2945,5295
2854,5297
2946,5301
2947,5303
2948,5304
2853,5305
2949,5307
2950,5308
2951,5308
1161,5309
1162,5309
2852,5310
2853,5310
2409,5311
2952,5311
2953,5312
2954,5313
2955,5314
2952,5315
2409,5315
1588,5316
2956,5317
2957,5318
2958,5319
1588,5320
2959,5323
2960,5323
2961,5324
2177,5326
2177,5327
541,5329
2962,5330
2963,5331
482,5332
2964,5333
372,5334
2568,5335
2568,5336
2568,5337
2568,5338
2568,5339
2568,5340
2965,5341
2966,5342
2691,5343
2692,5343
2967,5344
2968,5345
1400,5347
2969,5352
2970,5354
2971,5358
2972,5359
275,5360
2973,5362
2974,5365
2975,5368
2976,5369
2188,5370
2977,5371
2978,5372
2979,5373
2980,5374
891,5375
2981,5376
1302,5377
2982,5378
2177,5379
2177,5380
2983,5382
2984,5386
2985,5388
2986,5389
275,5390
2987,5392
2988,5395
2989,5397
2990,5399
2987,5401
2991,5403
2853,5409
2992,5412
368,5416
2993,5417
614,5418
2994,5419
2995,5420
2680,5421
2996,5424
2997,5424
2845,5425
2998,5427
2999,5428
3000,5428
3001,5429
3002,5430
3003,5431
3004,5432
3005,5433
3006,5436
3007,5441
3008,5442
2520,5443
3009,5443
1472,5444
3010,5447
2853,5448
3011,5449
3012,5450
3004,5451
3011,5452
3013,5453
3014,5454
3015,5455
3016,5456
3017,5457
3016,5461
2987,5462
2853,5463
3018,5464
3011,5467
973,5468
838,5469
2610,5470
3019,5472
3020,5473
2038,5474
3021,5475
2012,5476
2426,5477
3022,5479
3023,5479
1663,5481
2854,5482
3024,5483
3025,5484
3026,5485
2854,5486
3027,5487
520,5488
3028,5490
3029,5490
3030,5490
3031,5491
3032,5492
3033,5493
3034,5494
2692,5496
2691,5496
3035,5497
3036,5498
3037,5499
1706,5500
3038,5501
3039,5502
1039,5503
3011,5504
3040,5505
3041,5506
3042,5507
3043,5508
3044,5508
3045,5509
92,5512
3046,5513
3047,5516
3048,5517
3049,5518
3050,5518
1588,5519
3051,5522
3052,5522
2640,5522
3053,5523
3054,5525
2177,5526
1046,5527
1046,5528
1046,5529
3055,5530
49,5531
3056,5532
3057,5533
3058,5534
3059,5535
1095,5536
3060,5537
3061,5537
2189,5540
3062,5541
3063,5542
3064,5544
3065,5545
3066,5546
3067,5547
3068,5548
3069,5549
3070,5550
3071,5551
3072,5552
3073,5553
3074,5555
3075,5556
3076,5557
1855,5558
1674,5560
3077,5561
3078,5562
2139,5563
3079,5565
3080,5566
3081,5569
3082,5571
3083,5572
3084,5573
3085,5574
3086,5574
3087,5575
1855,5577
3088,5578
3089,5580
595,5582
2327,5583
3090,5585
1621,5587
3091,5587
672,5588
3092,5589
3093,5590
3094,5591
2515,5595
2360,5596
1218,5597
3095,5598
1446,5600
3096,5601
1788,5603
3097,5603
3098,5605
3099,5606
3100,5607
3101,5608
3102,5611
3103,5613
3104,5613
2115,5614
2245,5614
2691,5615
2692,5615
3105,5616
211,5617
2791,5618
2708,5619
3106,5620
3107,5621
3108,5622
1685,5623
3109,5624
3110,5625
3111,5626
3112,5627
1588,5628
3113,5629
3114,5630
3115,5631
2019,5632
3116,5633
3117,5634
3118,5635
3119,5636
3120,5637
3121,5638
3122,5639
3123,5640
3124,5642
3125,5643
3126,5644
3127,5645
3128,5646
1949,5647
3129,5648
3130,5649
923,5649
1039,5650
25,5652
3131,5653
3132,5657
3133,5658
3134,5658
1849,5660
791,5661
3135,5662
3136,5664
3137,5665
3138,5667
3139,5675
3140,5677
2691,5679
2692,5679
2362,5680
3141,5682
3142,5683
3143,5686
2362,5688
3144,5689
3145,5690
3146,5692
3147,5694
3148,5695
3149,5696
3150,5697
3151,5698
3152,5699
3153,5702
3154,5703
3155,5705
3156,5706
3157,5707
1224,5709
3158,5710
2652,5711
2692,5712
3159,5712
1855,5713
3160,5713
2185,5714
1607,5715
3161,5718
3162,5719
619,5720
3163,5722
1588,5725
1165,5726
3164,5726
3165,5727
2908,5734
2909,5734
3166,5735
3167,5736
2513,5737
3168,5738
3169,5739
3170,5740
3171,5741
3172,5743
3173,5744
2593,5746
3174,5747
2944,5748
2446,5749
2446,5750
3175,5751
2369,5755
2526,5756
3176,5757
876,5758
3177,5759
3178,5761
2394,5762
3179,5765
3180,5766
3181,5768
2135,5771
2935,5773
2617,5774
3182,5775
3183,5777
3184,5779
3185,5780
3186,5780
3187,5781
3188,5783
3189,5783
1489,5784
1490,5784
2737,5785
3190,5793
789,5794
3063,5795
2124,5796
2838,5797
3191,5798
1685,5809
3192,5810
3193,5811
3063,5814
3194,5816
789,5817
1685,5818
2177,5819
3195,5820
3194,5821
3196,5822
3197,5825
3198,5827
3199,5829
3200,5831
473,5832
3201,5833
2652,5834
43,5835
1663,5836
3202,5838
3203,5838
3204,5838
3205,5838
3206,5838
3207,5838
2652,5838
3208,5838
3209,5838
3210,5838
2290,5838
2691,5840
2692,5840
3211,5841
1407,5842
543,5843
2012,5843
3058,5847
1685,5848
3102,5849
3212,5850
3213,5852
3214,5852
3,5853
1851,5855
3215,5858
3216,5859
1581,5860
3217,5861
3218,5861
3219,5862
3220,5865
3128,5866
1949,5869
2691,5873
2692,5873
1407,5874
1407,5875
1685,5876
3221,5877
3222,5879
3223,5880
1565,5881
1566,5881
1567,5881
1568,5881
307,5882
3224,5884
1915,5885
3225,5887
319,5888
3226,5888
3227,5888
3228,5888
3229,5888
3230,5888
3231,5888
3232,5888
3233,5888
3234,5888
3235,5888
3236,5888
3237,5888
2000,5889
3238,5890
3239,5891
3240,5892
3241,5893
3242,5893
3243,5894
1685,5895
2535,5897
2999,5898
3000,5898
1431,5899
1685,5900
3244,5902
3245,5902
2867,5904
3246,5905
3247,5906
1761,5907
3248,5908
305,5910
3051,5911
3052,5911
1949,5912
3249,5913
2993,5914
3250,5916
3251,5917
2166,5918
1685,5922
1949,5925
2124,5926
3252,5927
927,5927
3253,5928
3141,5929
3254,5930
3255,5930
3256,5931
3257,5931
65,5932
66,5932
3169,5933
3258,5935
2176,5936
3259,5937
3260,5938
3261,5939
3262,5939
3263,5942
3264,5943
3265,5944
3266,5945
3267,5946
3268,5947
3269,5948
3270,5949
3271,5950
3272,5951
3273,5952
3274,5953
3275,5954
3276,5954
3277,5955
3278,5956
3279,5957
3280,5958
3281,5959
23,5960
3282,5961
3283,5962
865,5963
1115,5964
613,5966
2312,5967
3284,5969
3285,5970
3286,5971
3287,5972
3288,5972
3289,5973
3290,5974
3291,5976
647,5977
3292,5978
3293,5980
3294,5981
622,5982
3295,5984
3296,5986
3297,5988
3298,5989
3299,5991
3300,5992
3301,5992
3302,5993
3303,5994
3304,5995
3305,5996
2535,5997
3306,5999
3307,6000
3308,6001
3309,6001
3310,6003
3311,6004
3312,6005
3313,6006
3314,6007
77,6008
3315,6009
3316,6010
3317,6011
3318,6012
3319,6013
3320,6014
3321,6015
3322,6016
2304,6017
3323,6018
131,6019
3324,6020
2582,6021
3325,6022
3326,6023
3327,6024
3328,6025
3329,6026
3330,6026
3308,6028
3309,6028
3331,6029
2166,6030
3332,6031
3333,6032
3334,6033
3335,6034
3336,6035
2538,6036
3337,6037
3338,6039
482,6040
3339,6041
3340,6042
3341,6043
3342,6044
1587,6046
2335,6047
3343,6048
3344,6048
2439,6050
2645,6051
3345,6052
3346,6053
1549,6054
3347,6055
3348,6056
3349,6057
1671,6058
1672,6058
3350,6059
3351,6060
3352,6061
958,6062
3353,6063
1460,6064
3354,6065
876,6066
3355,6069
3356,6070
652,6071
3357,6072
3358,6073
939,6074
77,6075
3359,6076
3286,6077
2129,6079
780,6080
3360,6080
3361,6081
311,6082
455,6082
3362,6083
3363,6084
3364,6085
3365,6086
3366,6087
3367,6087
805,6088
3368,6089
3369,6091
3370,6092
3371,6093
3372,6094
3373,6096
3374,6097
1273,6098
3375,6099
3376,6100
2657,6104
2804,6105
3377,6107
1456,6108
1457,6108
3378,6110
3379,6111
654,6111
894,6112
3380,6113
608,6114
3381,6115
3382,6116
3383,6117
3384,6117
3385,6117
3386,6118
3387,6119
3388,6120
3324,6121
3389,6122
3390,6123
3391,6124
3392,6125
3392,6126
3393,6128
3394,6129
3395,6130
3396,6131
3397,6132
3398,6134
2469,6135
3399,6136
3400,6137
3401,6139
3402,6140
3403,6141
3404,6142
3405,6143
3406,6144
3407,6145
3408,6146
424,6148
3409,6149
3410,6150
3411,6151
3383,6152
3412,6153
3413,6153
3414,6154
3414,6155
1535,6156
3415,6158
3416,6159
1643,6159
3417,6160
3418,6161
3419,6163
3420,6164
131,6165
3421,6166
3422,6169
3423,6170
3424,6171
761,6172
3425,6173
1712,6174
3426,6176
3427,6177
3428,6179
3429,6179
3430,6180
3431,6180
2256,6181
3432,6182
3433,6182
3434,6183
3435,6184
3436,6185
3437,6186
3438,6187
844,6188
3439,6189
3440,6190
3441,6191
3442,6192
3443,6193
3444,6194
3445,6196
3446,6196
3447,6197
3448,6197
3449,6198
3450,6200
3451,6201
3452,6201
3453,6202
1443,6203
3454,6204
3455,6205
3456,6206
3457,6207
3458,6208
3459,6209
3460,6210
3461,6211
1944,6212
1944,6213
3462,6215
3463,6216
3464,6218
3465,6218
3466,6219
3413,6221
3467,6222
3467,6223
3468,6224
655,6225
3469,6226
3470,6227
3471,6227
3472,6228
3473,6230
3474,6231
3475,6232
3476,6233
3477,6234
1471,6235
3478,6236
3479,6237
2925,6238
3480,6239
3481,6239
3482,6240
3483,6241
1319,6242
3483,6243
1319,6244
3483,6244
3481,6244
3484,6245
3485,6246
1157,6247
113,6248
1478,6249
3486,6252
3487,6255
3488,6256
3489,6257
3490,6258
3491,6260
3492,6260
3493,6261
3494,6267
3495,6268
3496,6269
3497,6269
3435,6270
3498,6271
3353,6272
3257,6273
3499,6274
3500,6275
3501,6278
3502,6279
3503,6281
3504,6283
3505,6284
3505,6285
649,6286
3506,6288
3507,6289
3508,6290
1349,6291
3509,6293
3510,6294
200,6297
282,6298
200,6299
268,6300
3511,6301
3512,6303
21,6304
1252,6306
3513,6307
3514,6308
1911,6309
3515,6310
1855,6311
3516,6312
3517,6313
3518,6313
3519,6314
3520,6315
3521,6315
3522,6315
3523,6315
3524,6316
3525,6317
3526,6318
3527,6320
3528,6321
3529,6322
86,6323
2861,6325
1109,6326
3530,6327
2048,6328
3531,6329
3532,6330
3533,6331
3534,6332
3535,6333
3536,6334
3537,6335
3538,6337
3539,6338
3540,6339
3541,6340
3542,6341
2636,6343
506,6344
3543,6345
850,6346
3544,6347
3545,6349
3546,6350
3547,6351
3548,6352
3549,6352
3550,6353
3551,6354
3552,6354
3231,6355
3553,6355
3554,6356
3555,6357
3556,6359
3557,6360
3558,6363
3559,6363
3560,6364
3561,6366
3562,6367
3563,6368
3564,6370
608,6371
3565,6372
3566,6373
2357,6375
3567,6376
3568,6377
3569,6378
37,6380
3570,6381
3571,6383
3571,6384
3571,6385
3572,6387
3573,6388
3574,6389
3575,6391
3576,6392
3577,6393
3578,6395
3579,6395
3580,6396
3581,6397
3582,6398
722,6400
3583,6401
3584,6403
2548,6404
1782,6406
1782,6407
3585,6409
3586,6410
3587,6411
3588,6413
3589,6415
3590,6415
3591,6416
3592,6418
3593,6419
3594,6420
3595,6422
3596,6423
3597,6424
1739,6425
1740,6425
3598,6426
96,6428
3599,6429
3599,6430
3600,6432
724,6433
1015,6434
3601,6435
3602,6435
3603,6436
3604,6437
3605,6438
3606,6439
3607,6440
146,6441
3608,6442
3609,6443
3610,6444
3611,6445
3612,6446
112,6447
375,6448
3613,6449
3614,6449
146,6450
633,6451
3599,6453
3615,6453
3616,6454
3617,6455
477,6459
281,6462
3618,6462
3618,6463
285,6463
285,6464
3618,6464
282,6465
283,6465
3619,6466
3620,6467
1351,6468
3621,6469
3622,6471
3254,6472
3623,6473
3624,6474
3625,6475
3626,6476
3627,6477
3628,6479
3629,6480
235,6481
3630,6482
2955,6483
3631,6485
3487,6486
455,6487
1921,6489
3632,6489
3633,6490
3634,6492
3635,6493
3636,6494
3637,6495
3638,6497
3223,6498
3639,6500
3640,6501
3641,6502
3642,6502
3643,6502
1502,6503
3644,6504
3645,6511
506,6512
3646,6513
3647,6516
3648,6517
3016,6518
3649,6519
1958,6522
268,6523
3650,6524
3651,6526
1973,6526
1239,6527
3652,6528
3653,6529
647,6530
268,6531
3654,6532
3655,6534
1901,6535
3656,6536
3657,6537
3658,6538
3659,6540
3660,6540
910,6541
3661,6542
3662,6544
3663,6545
3664,6546
3665,6547
2295,6548
3666,6549
3667,6551
3668,6552
3669,6553
3670,6554
3671,6555
3672,6556
2724,6558
3673,6559
3674,6562
160,6563
3675,6565
3676,6566
83,6567
3677,6568
3678,6570
3679,6571
3680,6574
3681,6575
3682,6575
1954,6576
3683,6576
3684,6577
3685,6578
3686,6579
2178,6580
3687,6581
3361,6582
3688,6583
3689,6584
3690,6585
3691,6586
1250,6589
3692,6590
3693,6590
3694,6591
3695,6592
3696,6593
3539,6594
3697,6595
3698,6596
3699,6597
3700,6598
3701,6599
3702,6600
3703,6601
3464,6603
3465,6603
1202,6605
3704,6606
3705,6607
3706,6609
3391,6610
3024,6611
374,6613
3707,6615
3708,6616
3709,6617
87,6618
3710,6620
3711,6621
3712,6622
3713,6623
3597,6624
3714,6625
3715,6625
3716,6625
3717,6625
3718,6625
3719,6625
3720,6625
3721,6625
3722,6625
3723,6625
825,6626
3724,6627
3369,6628
3369,6629
3369,6630
3725,6631
3726,6632
3091,6633
2671,6634
515,6635
3599,6637
3727,6638
3728,6639
3729,6640
3730,6641
3731,6641
3732,6642
3733,6643
3734,6644
3735,6645
282,6646
3736,6648
3737,6649
3738,6650
3739,6654
3740,6655
789,6656
3741,6657
3742,6658
3743,6662
3744,6663
1028,6665
3745,6666
3746,6667
3747,6668
3464,6669
3465,6669
2466,6670
3748,6671
1153,6676
1895,6678
3749,6680
3750,6681
3751,6682
3752,6683
3753,6684
3754,6684
3754,6685
3753,6685
3755,6686
3756,6687
3757,6688
3758,6689
3759,6690
1170,6692
3760,6693
3761,6695
565,6697
3762,6699
3763,6700
3764,6701
3765,6702
173,6703
3766,6704
3767,6705
214,6706
3768,6707
3769,6709
130,6711
389,6712
3770,6713
3349,6714
390,6716
3771,6717
3772,6719
3773,6720
3774,6721
3775,6721
3776,6721
3777,6721
3778,6722
515,6723
3779,6724
649,6726
649,6727
649,6728
3780,6730
3781,6731
2220,6734
3563,6735
3636,6736
3782,6737
3783,6737
355,6738
3784,6739
3785,6740
3786,6741
3787,6743
2433,6744
121,6746
3788,6747
3789,6748
3790,6749
3791,6750
3792,6752
722,6753
3793,6754
3794,6755
3793,6756
3795,6757
3796,6758
3797,6759
94,6760
3798,6761
3799,6762
3800,6763
3801,6765
3802,6766
3803,6768
1349,6769
3354,6770
3804,6772
3805,6772
3806,6773
3807,6776
1871,6777
3808,6778
3809,6778
3810,6779
3811,6780
3812,6781
3505,6782
3813,6784
3814,6784
3815,6785
858,6787
3816,6788
3817,6790
3818,6791
2671,6793
3636,6794
1954,6795
3819,6797
1484,6798
91,6799
3820,6800
1538,6801
3821,6802
3822,6802
3823,6803
3824,6805
3825,6806
289,6808
1059,6809
3826,6810
1216,6811
629,6814
3040,6815
3827,6816
3828,6817
3829,6818
3830,6819
3831,6820
3832,6822
456,6824
894,6827
397,6829
3833,6830
3834,6831
3835,6832
3836,6833
3837,6838
3838,6839
3839,6840
3700,6841
131,6843
3840,6844
1157,6845
3841,6846
3842,6847
39,6847
1314,6848
3842,6849
3842,6851
3843,6852
3758,6853
3844,6854
3845,6854
3846,6855
2322,6856
3847,6857
3848,6859
3849,6860
3850,6860
3851,6861
3848,6862
3852,6863
3853,6864
3487,6865
3854,6866
96,6867
3855,6868
3856,6870
211,6871
3857,6873
3858,6874
3859,6875
2740,6876
3860,6877
3861,6878
989,6879
3862,6880
894,6881
3863,6882
1695,6883
2834,6884
3864,6885
3865,6887
3866,6888
248,6889
1202,6892
3867,6893
125,6894
2636,6897
1310,6898
3868,6899
3869,6900
3870,6901
3871,6903
3485,6904
1641,6905
1641,6906
3872,6909
3353,6910
751,6911
3873,6911
3874,6911
3875,6911
3876,6911
3877,6911
3878,6911
3879,6911
3880,6911
3881,6911
3882,6911
3883,6911
3884,6912
3885,6913
3886,6914
3887,6915
3888,6916
473,6917
3889,6919
3890,6921
3891,6921
3892,6922
3893,6925
3894,6925
3895,6926
3896,6928
3897,6928
3898,6929
3899,6930
1911,6932
3900,6933
3901,6934
3902,6935
3903,6935
146,6937
3904,6939
3905,6940
3906,6941
3907,6943
2064,6944
1307,6945
3908,6946
3909,6947
3910,6948
3911,6949
3912,6950
1164,6951
3913,6953
3914,6955
3915,6955
2529,6957
686,6958
2194,6959
3916,6960
1714,6961
3188,6962
2181,6963
3917,6965
3918,6967
3919,6968
3920,6969
3921,6973
3922,6974
3923,6976
520,6978
2868,6979
3924,6980
3925,6981
3872,6983
1473,6983
3926,6984
3927,6985
3928,6985
3929,6985
3930,6985
633,6985
2956,6985
22,6985
3931,6985
3932,6985
3933,6986
3934,6987
3934,6988
3935,6989
3936,6990
3937,6991
3937,6992
3938,6993
3939,6994
3321,6995
3940,6996
587,6998
3941,7000
3942,7001
3749,7002
3943,7003
3944,7004
3945,7005
2245,7006
3946,7008
3947,7009
3948,7010
3949,7011
3950,7012
3951,7013
689,7014
3952,7015
3953,7016
472,7017
3954,7019
3955,7020
3956,7021
1192,7022
3957,7022
1488,7023
3958,7024
3959,7026
2343,7027
3960,7028
3961,7031
3961,7032
2048,7033
3962,7035
2653,7036
3963,7037
3964,7037
3965,7038
3966,7039
3967,7041
3968,7042
1185,7043
3969,7044
3970,7045
3971,7046
3444,7047
3972,7048
1335,7049
3973,7050
3974,7052
3975,7053
3976,7054
3977,7056
2177,7057
3978,7058
3979,7059
3980,7061
638,7062
3981,7063
3982,7064
3983,7065
3984,7066
3985,7067
3986,7068
3987,7069
30,7071
30,7072
30,7073
30,7074
3988,7075
2891,7076
3989,7077
274,7078
3990,7079
3991,7080
3992,7085
3993,7087
3994,7088
38,7089
38,7090
38,7091
248,7092
3995,7093
3996,7094
77,7095
3997,7096
3998,7097
3999,7098
4000,7100
4001,7103
520,7104
3416,7105
1887,7106
3318,7107
4002,7108
4003,7109
1628,7110
4004,7111
4005,7111
4006,7112
4007,7112
4008,7113
274,7114
4009,7115
2548,7116
1029,7118
2519,7119
4010,7120
633,7122
3946,7123
2157,7125
248,7127
4011,7128
4012,7129
4013,7131
4014,7133
4015,7134
4016,7135
4017,7136
4018,7137
665,7138
4019,7140
4020,7141
4021,7142
146,7145
1960,7146
4022,7147
4023,7148
4024,7150
4025,7151
3642,7152
3641,7152
627,7153
2491,7154
1673,7155
4026,7157
4027,7159
4028,7160
4029,7161
4030,7162
4031,7163
4032,7164
3235,7165
4033,7165
4034,7165
4035,7165
4036,7165
4037,7165
4038,7165
4039,7165
4040,7165
4041,7165
4042,7166
4043,7167
4044,7168
3885,7170
221,7171
4045,7172
4046,7173
4047,7174
3358,7175
3692,7176
3692,7177
1095,7179
4048,7179
1095,7180
4048,7180
1855,7181
4049,7182
4050,7184
147,7187
3487,7189
4051,7190
4052,7190
4053,7191
783,7192
4054,7193
1954,7194
1108,7195
3533,7196
274,7198
274,7199
4055,7200
4056,7201
4057,7202
438,7203
1084,7204
23,7205
4058,7206
4059,7207
4060,7208
4061,7209
4062,7210
119,7211
118,7211
4063,7212
1456,7213
1457,7213
916,7214
4064,7217
2000,7219
4065,7220
4066,7220
4067,7221
4068,7222
4069,7224
4070,7224
4071,7225
4072,7226
4073,7228
4074,7228
4073,7229
4074,7229
4074,7230
4074,7231
4074,7232
4073,7234
4074,7234
1951,7235
4075,7237
4076,7238
4077,7239
4078,7240
4079,7241
557,7242
4080,7243
4081,7244
3515,7245
4082,7247
3024,7248
4083,7249
4084,7250
4085,7251
4086,7251
2959,7252
2960,7252
703,7253
4087,7254
4088,7259
4089,7260
4090,7261
4091,7262
1689,7263
1288,7266
4092,7268
4093,7270
4094,7271
4095,7272
4096,7273
950,7273
4097,7274
4098,7275
4099,7276
4100,7277
4100,7278
4100,7279
4101,7281
4102,7282
559,7283
4103,7284
3707,7285
22,7287
3480,7289
4104,7289
4105,7290
4106,7290
4107,7293
4108,7294
4109,7294
4110,7294
4111,7295
4112,7296
4113,7297
1832,7299
3901,7300
4114,7303
2491,7304
4115,7305
4116,7306
2848,7307
30,7309
4117,7310
4118,7311
4119,7312
4120,7314
4121,7315
4122,7316
181,7317
51,7318
51,7320
4123,7321
4124,7323
3169,7324
4125,7327
4126,7328
4127,7329
4128,7329
4129,7330
4130,7330
4131,7331
3333,7333
4132,7334
4133,7335
4134,7335
4135,7336
4136,7337
2364,7338
4137,7340
2002,7341
4138,7342
4139,7345
111,7346
4140,7347
4078,7348
4141,7351
4142,7352
4143,7353
4144,7355
4145,7356
4146,7357
2491,7358
4147,7359
4148,7361
4149,7361
4150,7362
4151,7363
4152,7364
3203,7365
4153,7366
4154,7367
4155,7368
4156,7370
1334,7370
4157,7371
4158,7372
1446,7373
4159,7374
4160,7375
3001,7376
4161,7378
3369,7379
4162,7380
4163,7381
4164,7385
146,7387
1488,7388
4165,7389
4166,7390
4167,7391
4168,7392
1093,7394
4169,7395
244,7396
4170,7397
4171,7398
4172,7399
3994,7400
4173,7401
1515,7402
4174,7403
94,7404
4175,7406
4176,7408
4177,7410
3707,7411
4178,7412
4179,7413
4180,7414
4181,7415
3999,7416
4182,7416
1560,7417
386,7418
4183,7420
4184,7421
4185,7422
4186,7423
4187,7423
4188,7424
4189,7425
4190,7426
4191,7426
4192,7427
4193,7427
4194,7428
3976,7429
4195,7430
4196,7431
894,7432
4197,7433
4198,7434
4199,7435
4200,7435
4201,7438
4202,7440
4203,7441
4204,7442
4205,7442
4206,7443
4206,7444
4207,7445
2578,7446
1413,7449
4208,7451
4209,7452
3667,7453
1096,7455
4210,7457
4211,7459
4212,7461
2147,7462
2239,7463
4213,7465
4214,7466
4215,7467
4216,7468
4217,7470
4218,7471
4219,7472
4220,7473
4221,7474
4222,7475
4223,7475
4224,7476
4225,7477
4226,7478
1115,7479
1189,7480
2671,7482
4227,7483
4228,7485
2513,7487
4229,7488
4230,7489
4231,7490
3482,7491
532,7492
836,7492
3482,7493
4232,7493
4233,7494
4234,7495
4235,7495
3482,7496
4236,7497
4231,7497
3482,7498
4237,7499
3482,7499
4238,7500
4182,7500
4233,7501
836,7501
4238,7501
4233,7502
4231,7502
23,7504
4239,7505
2824,7507
4240,7508
4241,7509
4242,7510
4243,7511
4244,7512
4245,7513
618,7514
4246,7515
119,7516
4247,7516
3667,7516
2906,7516
181,7516
4248,7516
4249,7516
4250,7516
4251,7516
4228,7516
2583,7516
4252,7516
1474,7517
181,7518
4253,7519
4254,7520
4255,7521
1539,7523
1096,7524
146,7525
4256,7526
4257,7526
4258,7527
2636,7528
4259,7531
4260,7531
4261,7532
2653,7533
4262,7534
3416,7535
4263,7536
4264,7537
4265,7538
4266,7540
2617,7542
4267,7542
4267,7543
2617,7543
2322,7544
4268,7545
3599,7545
431,7546
4269,7547
4270,7549
4271,7550
4272,7551
4273,7553
825,7554
4274,7555
4275,7555
4276,7556
4277,7557
4278,7557
1714,7558
4279,7559
39,7560
4280,7561
4281,7562
4282,7563
3736,7564
4283,7565
1288,7566
4284,7567
4285,7567
4286,7568
4287,7576
843,7578
4288,7579
1632,7580
2637,7581
3391,7582
4289,7583
4290,7584
4291,7585
2395,7586
1001,7588
1250,7591
3375,7592
3920,7593
4292,7595
4293,7596
4294,7597
4293,7597
4295,7599
4296,7599
4297,7601
4298,7602
4299,7603
4300,7604
4301,7605
4302,7606
4298,7607
4303,7608
4304,7609
4305,7610
4306,7610
4307,7612
4307,7613
4308,7614
4309,7615
4310,7616
4311,7617
4312,7618
4313,7618
4314,7619
4315,7620
4316,7621
4317,7622
4318,7623
4319,7626
4320,7626
4321,7627
4322,7631
4322,7632
4323,7634
2058,7635
4324,7636
4325,7636
4326,7637
4259,7638
2064,7639
2064,7640
4327,7642
4328,7643
4329,7644
4329,7645
4329,7646
3401,7648
799,7649
3699,7651
4330,7652
4331,7653
4332,7654
2448,7655
4333,7656
4333,7657
2448,7658
4334,7659
115,7660
4335,7661
4336,7662
4337,7664
4338,7665
4339,7666
4340,7668
4341,7669
4342,7669
3235,7670
4343,7670
4344,7671
2179,7673
932,7674
2179,7677
4345,7678
4346,7679
4347,7680
4348,7681
4349,7682
4350,7683
4351,7684
4352,7684
3927,7685
4353,7687
4354,7687
4355,7688
3024,7689
95,7691
4356,7692
4357,7693
4358,7695
2848,7696
4359,7697
4360,7698
973,7700
1400,7701
409,7702
4361,7703
4362,7704
4363,7705
4050,7707
4364,7708
4365,7709
4366,7712
2554,7713
3544,7714
88,7715
656,7716
3667,7717
4367,7718
4368,7720
4335,7721
4369,7723
4370,7723
4371,7724
4372,7725
4373,7727
4374,7728
4375,7729
1502,7731
4376,7732
3744,7733
4377,7734
4378,7735
4379,7735
3176,7736
1858,7737
2427,7737
4335,7738
4380,7738
4381,7738
4382,7738
4383,7738
1115,7739
4384,7740
4385,7741
4386,7741
1215,7742
3520,7743
4387,7744
4388,7744
4389,7744
4390,7744
1288,7745
2955,7746
4391,7746
4392,7747
1216,7749
1192,7750
1361,7751
799,7752
3580,7753
33,7753
4393,7754
4394,7755
3864,7756
4395,7758
4396,7759
4397,7779
4398,7779
4399,7789
4400,7790
4065,7791
1286,7792
3342,7793
4401,7793
4402,7793
3636,7794
3599,7795
4403,7796
4404,7797
1215,7798
850,7800
1157,7802
274,7803
4405,7804
4406,7805
1458,7806
4407,7808
3630,7810
3169,7812
4408,7815
2773,7817
3176,7818
4409,7819
4410,7820
894,7821
4411,7822
4412,7823
4413,7823
4414,7824
3508,7825
4415,7826
4416,7827
4417,7827
3547,7828
4418,7830
4419,7831
4420,7832
4421,7833
4422,7834
4336,7835
4423,7837
1250,7838
4424,7840
4425,7842
4426,7844
4427,7845
4428,7846
4429,7847
4430,7849
4431,7849
3699,7850
4432,7852
4433,7853
3625,7854
4434,7855
4372,7856
389,7858
4435,7859
4436,7860
4437,7860
3707,7861
4438,7862
2487,7864
4439,7864
4440,7865
4441,7865
3399,7866
4442,7867
4443,7869
1292,7870
4444,7872
4445,7872
1618,7874
4446,7875
1495,7876
4447,7877
4448,7878
410,7880
4449,7881
4449,7882
4449,7883
410,7884
1851,7885
1538,7886
4450,7887
4451,7888
1968,7889
4452,7890
4453,7891
4454,7892
4440,7892
4455,7894
4456,7895
4457,7896
4458,7897
4459,7899
4092,7900
4080,7901
519,7902
4460,7903
256,7904
4461,7905
3563,7906
2513,7908
3177,7910
4462,7911
4463,7912
2339,7913
4464,7914
3795,7915
4465,7916
4466,7917
4467,7918
4468,7919
4469,7920
3331,7920
308,7921
3203,7922
3785,7923
4470,7924
4471,7925
4472,7926
4473,7927
1651,7928
4474,7929
4475,7929
1712,7930
4111,7931
4476,7932
3547,7933
4477,7934
4161,7935
83,7936
2608,7937
2608,7938
3520,7939
4478,7940
4479,7941
4480,7942
2186,7944
4481,7945
4482,7946
1334,7947
289,7948
2314,7950
4483,7951
405,7952
4484,7953
4485,7955
4486,7956
132,7957
30,7958
92,7959
4487,7960
4488,7960
4489,7960
4490,7961
4491,7962
4491,7963
4054,7964
4492,7965
4493,7966
533,7967
4494,7968
4495,7970
4496,7971
4497,7972
4498,7973
4496,7974
4499,7975
4497,7976
4498,7977
4499,7978
4499,7979
4500,7979
4501,7980
647,7981
3410,7982
4502,7984
469,7986
4503,7987
4503,7988
738,7989
3059,7990
4504,7991
4186,7993
4505,7995
147,7996
4506,7997
2276,7998
3794,7999
4507,8000
418,8002
419,8002
4125,8004
268,8005
4508,8006
4509,8007
4510,8007
4510,8008
4511,8009
4512,8009
4513,8010
564,8011
4514,8012
4515,8013
4335,8014
4382,8014
4516,8015
4517,8015
4518,8017
3917,8018
4519,8019
4520,8020
4521,8024
2514,8025
4522,8026
4523,8027
4524,8028
4525,8029
4526,8030
89,8033
748,8034
4527,8035
4528,8036
4529,8036
4530,8037
4531,8038
4532,8039
88,8040
4533,8042
3278,8043
2454,8044
4534,8046
4535,8047
1248,8048
4536,8049
754,8050
2477,8051
689,8052
689,8053
2111,8054
4537,8055
4538,8056
4539,8057
4540,8058
608,8060
4541,8061
4542,8061
472,8062
4543,8062
4544,8064
4545,8066
4546,8067
4547,8068
4548,8069
4549,8069
4550,8069
4219,8070
4551,8070
4552,8072
4553,8073
4554,8074
564,8075
564,8076
564,8077
2318,8078
918,8079
4555,8080
4556,8081
4557,8082
3568,8083
2529,8085
4558,8087
4559,8087
406,8088
1539,8089
4560,8090
4561,8091
4562,8091
4563,8092
4564,8092
4565,8092
4329,8092
4566,8093
156,8096
4567,8097
4568,8099
4569,8100
4570,8101
3630,8102
4571,8104
4572,8105
4573,8105
390,8106
4574,8107
4575,8109
404,8111
4576,8112
4577,8113
4578,8114
4579,8115
4580,8116
4581,8117
4582,8119
4583,8120
4584,8121
669,8123
4585,8124
1202,8125
4586,8127
4587,8128
4588,8129
4589,8131
722,8132
4590,8134
4591,8135
4592,8135
4593,8136
4415,8137
112,8139
4594,8140
4595,8141
4596,8141
4597,8142
3802,8143
4050,8145
3083,8146
1695,8147
4598,8150
4599,8151
319,8152
4600,8152
4601,8153
1538,8154
4602,8155
4603,8156
2293,8157
4604,8158
339,8159
4605,8160
4606,8161
2791,8162
4607,8163
4608,8164
4609,8165
4610,8165
4611,8165
4612,8165
4613,8165
3960,8167
375,8168
4614,8169
4615,8169
4616,8170
4617,8171
200,8172
4618,8173
1840,8177
1841,8177
4619,8178
4620,8178
4621,8179
4622,8180
4623,8182
564,8184
30,8185
4624,8186
4625,8187
519,8188
4626,8189
4627,8191
4628,8191
4629,8192
4630,8192
1538,8193
2226,8195
4631,8196
4632,8197
412,8198
4633,8199
4634,8201
4635,8202
4636,8203
4637,8203
2491,8204
4638,8205
4639,8205
4640,8206
1129,8208
4641,8211
4642,8212
3168,8213
4643,8214
1216,8215
4644,8216
4645,8216
4646,8216
4647,8218
4648,8218
4649,8219
520,8220
4650,8221
4651,8222
4652,8223
4653,8224
4654,8225
4655,8226
761,8227
1115,8228
2433,8229
519,8230
4423,8231
4656,8233
4657,8234
4658,8234
4659,8235
4660,8236
3625,8237
4661,8238
4662,8239
4663,8240
4664,8241
1115,8242
4665,8243
4666,8245
4667,8246
586,8247
4668,8248
4669,8249
3788,8250
642,8252
2032,8253
4670,8254
4671,8255
1651,8256
4672,8257
4673,8259
4674,8259
4067,8260
4675,8261
4653,8262
4676,8264
4677,8264
4678,8265
397,8266
4679,8267
107,8267
4680,8268
901,8270
4681,8271
4682,8271
894,8273
4683,8274
4684,8274
4685,8275
4686,8276
4651,8277
4687,8279
4688,8279
3121,8280
3758,8281
4689,8282
4690,8284
4458,8285
4691,8286
4692,8287
4693,8289
690,8290
691,8290
4547,8291
4694,8292
1137,8293
4695,8294
2775,8295
4696,8296
460,8297
1115,8298
3794,8299
4697,8300
4698,8300
4699,8301
4700,8302
3948,8303
3802,8304
227,8305
227,8306
4701,8307
404,8308
4702,8309
96,8310
4703,8311
2314,8313
3325,8314
4704,8315
3436,8318
4705,8319
4706,8320
409,8321
4707,8323
4708,8323
4709,8324
4710,8325
2019,8326
4179,8327
4179,8328
4179,8329
4179,8330
2914,8333
4457,8334
4711,8336
4712,8338
4713,8339
4714,8340
4715,8341
797,8342
4716,8343
2400,8344
4717,8345
4718,8345
4719,8345
4720,8345
4721,8345
4722,8345
4723,8345
4724,8345
2256,8346
3934,8347
4725,8349
4726,8351
4727,8352
84,8353
3732,8355
2157,8356
2433,8357
4728,8359
4729,8360
4730,8360
4731,8360
3986,8361
4679,8362
2064,8363
4732,8364
4733,8364
4732,8365
4734,8365
3102,8366
4735,8366
3292,8368
4736,8370
4737,8371
4738,8371
4739,8373
3758,8375
4740,8376
1354,8378
4741,8381
4742,8382
4743,8383
4744,8384
3298,8385
960,8386
4699,8387
4745,8388
4746,8389
1430,8389
4747,8390
121,8391
3427,8392
1832,8394
4748,8395
4749,8395
381,8396
416,8397
1694,8399
4750,8400
4751,8401
4752,8402
4753,8403
4754,8404
626,8405
626,8406
4755,8407
4756,8408
4757,8408
4758,8409
4759,8410
4760,8411
4761,8413
4762,8413
96,8414
3641,8415
3642,8415
3641,8416
3642,8416
3641,8417
3642,8417
3692,8418
4763,8418
4764,8418
4765,8419
4766,8420
4767,8421
4768,8426
414,8427
4769,8428
4258,8431
4770,8433
113,8434
113,8435
343,8436
4771,8437
4772,8439
4773,8441
4774,8441
84,8442
4775,8442
3076,8444
2322,8445
406,8446
4776,8447
4777,8448
4778,8449
4779,8450
4780,8451
4781,8452
4782,8453
3748,8454
1252,8455
4783,8456
4784,8457
4785,8458
4786,8458
3543,8459
4787,8460
1587,8461
229,8462
2120,8463
4788,8463
4789,8464
4790,8465
4791,8466
4792,8467
4793,8467
4794,8468
4795,8469
400,8470
4796,8471
4797,8471
3758,8473
4798,8474
4799,8476
4800,8478
4801,8479
3826,8480
4802,8480
4803,8480
4804,8481
1537,8482
4805,8484
4806,8485
4807,8486
977,8487
4808,8488
4809,8489
4810,8490
995,8492
4811,8493
2038,8494
4812,8495
4813,8496
4814,8497
1344,8498
4679,8499
4210,8500
4815,8501
1432,8502
932,8503
1977,8505
4816,8506
4485,8507
4817,8508
4818,8508
4728,8509
4819,8510
409,8512
465,8513
4693,8514
4820,8515
227,8516
4821,8517
4822,8518
4823,8521
4824,8522
4825,8523
4826,8525
4827,8525
252,8526
90,8527
4828,8528
4829,8529
4830,8529
4831,8530
4832,8531
3413,8532
4833,8533
4834,8535
830,8535
4835,8536
539,8537
4836,8538
4837,8538
4838,8539
4839,8541
23,8543
4329,8544
4840,8547
4841,8547
2904,8548
4842,8549
3692,8550
1756,8550
4843,8551
4664,8551
4844,8553
4845,8554
3223,8555
3595,8556
1351,8557
4846,8559
4847,8560
4848,8562
4849,8563
4850,8564
4851,8565
4852,8566
4853,8567
4854,8569
4135,8570
4855,8571
4856,8572
4857,8573
4858,8574
4859,8577
4860,8578
4861,8579
4862,8580
1232,8581
1192,8582
4863,8583
4864,8584
2491,8585
4471,8586
4865,8587
4766,8588
4866,8588
4867,8590
584,8591
4165,8592
4868,8595
4869,8596
4870,8598
4871,8598
4872,8598
4873,8599
4874,8600
4875,8602
4876,8603
4877,8604
4878,8607
1887,8608
2934,8609
496,8611
2548,8612
4879,8613
2772,8614
1876,8615
4880,8616
4881,8617
3516,8618
4882,8619
190,8620
4883,8621
4884,8621
4885,8622
4886,8623
4887,8624
4886,8625
514,8626
514,8627
4888,8628
1093,8629
1700,8630
4889,8631
4890,8632
4891,8633
4892,8633
4893,8635
4894,8636
4895,8637
374,8638
2947,8639
3358,8640
4065,8641
4111,8641
4896,8641
4897,8641
4898,8641
4899,8642
633,8643
4900,8644
4901,8646
4902,8649
1170,8650
4903,8651
4904,8651
931,8652
1088,8653
4905,8655
4906,8656
4907,8657
4908,8658
4909,8659
3084,8660
4640,8661
4692,8662
4910,8663
4911,8664
4912,8665
4913,8666
4471,8667
4914,8668
527,8669
3633,8671
268,8672
4915,8673
4916,8674
4917,8675
4918,8676
4919,8677
4920,8678
4921,8679
4922,8681
4923,8682
595,8683
4924,8684
4925,8686
4926,8687
4927,8688
3206,8689
4928,8690
4739,8692
4929,8693
4930,8693
4931,8694
4932,8694
4933,8695
4934,8696
30,8697
4935,8698
4807,8699
4936,8700
4937,8702
4938,8703
4939,8704
3563,8705
4940,8706
4941,8707
3736,8708
4741,8709
4942,8710
4943,8712
4944,8714
4945,8715
4946,8715
4947,8715
4948,8716
4949,8717
4758,8718
4950,8719
4951,8720
229,8723
4952,8724
4953,8725
3833,8726
3758,8726
4954,8728
4955,8728
4956,8729
4957,8729
4958,8730
1434,8731
1954,8732
4959,8733
3963,8734
4960,8735
894,8736
4961,8738
4962,8738
4963,8739
4065,8740
4964,8740
4206,8743
4965,8744
4966,8745
4967,8746
4968,8747
4776,8749
4969,8751
4970,8752
4971,8753
4972,8754
4973,8755
3401,8757
799,8758
4974,8760
4975,8761
4976,8762
1884,8763
4111,8764
4977,8765
4978,8766
4979,8766
4980,8766
3292,8766
3732,8767
3391,8768
2477,8769
4981,8770
4050,8771
2551,8772
144,8773
3997,8774
4982,8775
4983,8777
4984,8778
4984,8779
4985,8780
4986,8782
633,8783
4987,8787
4215,8788
4988,8789
986,8790
21,8791
4912,8792
4989,8793
63,8794
561,8795
4990,8799
4245,8800
4991,8802
409,8803
3319,8805
4992,8806
4993,8807
31710,2
1746,8194
11675,4
21344,5
39855,8200
9646,11
30834,15
15867,16
7514,8207
13667,18
34635,8209
5943,20
15194,8210
36485,22
31082,8217
12836,26
2494,32
532,33
11808,34
28918,35
23934,38
3675,40
23561,41
26487,8232
32944,50
5758,51
20867,8244
16358,56
34489,8251
5645,66
37818,67
26044,68
1314,8258
25570,70
16597,71
5390,8263
13390,73
32891,75
35537,77
32713,8269
26280,8272
20856,83
37475,84
35769,86
32802,8278
15919,88
26134,90
37404,8283
31870,93
4941,96
10086,8288
4953,98
10568,99
37714,100
26671,101
26245,105
5654,107
1266,109
21426,110
20011,112
27937,8312
24133,121
7426,122
20322,124
39456,125
22258,126
26262,8316
16549,8317
3406,8322
22508,133
32321,8331
23561,8332
8608,8335
13856,8337
33447,148
15341,154
9906,155
8466,8348
18925,8350
36413,161
23148,8354
18678,166
16831,8358
2692,8367
27349,8369
588,8372
38887,182
10663,8374
32026,185
4936,8377
16070,187
39270,188
2956,8379
3260,190
15555,8380
9408,194
14239,195
39563,198
13986,8393
1457,8398
20645,213
24045,214
4574,219
14606,220
20820,221
10372,8412
40803,225
37066,226
39227,227
23441,8422
40513,8423
36705,8424
25354,233
1635,8425
1888,235
6030,8429
29343,8430
22780,8432
13429,242
20925,243
33274,244
26512,246
32449,8438
16666,8440
15636,249
27986,8443
24967,255
39574,261
22337,264
25006,266
3428,267
27940,270
23679,272
5842,273
8401,275
23176,276
25149,278
40562,8472
12176,281
20761,8475
36413,8477
37006,287
23532,289
12279,290
31047,8483
20683,292
3087,297
9452,8491
5845,310
9780,312
13086,313
9843,314
7589,8504
17152,8511
31069,320
14548,321
12586,322
4201,323
12289,324
10320,325
35085,8519
26391,8520
8839,332
37734,8524
5463,337
25313,339
24165,8534
38551,8540
39757,8542
15137,8545
7047,8546
32619,8552
4308,362
14126,365
13755,8558
22961,367
15599,369
9432,370
37651,371
13582,8561
26060,8568
26029,377
37060,380
20211,382
466,383
31173,8575
26997,8576
35898,386
10486,387
13999,391
38048,392
27265,8589
40358,398
34382,400
33569,401
12595,402
6744,8593
37562,404
254,405
13882,8594
14851,8597
19236,8601
39008,8605
30635,8606
24403,8610
37378,426
33557,431
15188,432
28100,435
24797,436
8076,441
27742,8634
24933,443
32754,8645
3308,454
21335,8647
2119,8648
34148,457
38222,460
36772,8654
25588,466
24609,467
9711,471
34184,473
738,478
19780,479
3016,8670
38385,483
15054,484
3141,488
1020,489
7390,8680
34251,491
34931,8685
20699,494
39431,498
6840,8691
27796,500
20392,505
21053,8701
39134,510
2446,511
12585,512
12635,513
26577,514
25693,515
4939,516
38786,517
455,518
31434,8711
40727,520
28259,521
17905,522
32101,523
11966,524
36059,525
22339,526
4448,527
38290,528
27635,8713
22538,8721
37660,531
40422,8722
33317,533
23854,534
3164,8727
34083,536
25179,537
20615,538
16563,539
19061,540
18677,541
27891,544
5058,545
36763,546
38454,547
4197,548
38856,549
11996,550
37927,8737
30907,8741
24916,8742
3379,554
3112,8748
29940,8750
19043,8756
40874,566
34701,8759
39739,572
8727,8776
10357,589
38327,8781
10573,591
15827,8784
5932,8785
4718,8786
36862,8796
18839,8797
25061,8798
24532,8801
32753,8804
36054,618
12399,621
14337,626
28905,628
28414,629
11216,632
7600,639
9170,640
22591,641
24087,642
26739,643
1358,648
19642,649
28695,654
33410,658
19690,659
3641,660
11128,661
11787,662
40768,663
30188,664
30671,666
9058,668
10093,669
20103,670
30208,674
28445,675
21216,676
28307,678
15487,679
19516,680
16749,681
30634,683
30691,685
16451,687
8687,692
15704,697
11946,698
12944,700
27067,701
36156,704
20163,707
7207,710
37842,711
3959,714
13383,715
30107,716
22953,718
16166,720
35689,721
33235,726
23631,730
26354,731
31545,732
32996,733
32335,734
38410,735
4560,739
3563,745
17861,749
6114,750
21754,752
32604,754
18618,756
8664,762
5515,764
18225,768
26298,773
28010,779
6825,781
9723,786
17267,790
15749,796
17679,806
7028,814
34016,821
27073,826
8352,831
34480,834
12298,836
26848,838
13345,843
31111,844
28355,848
33298,849
1453,850
29777,852
4140,853
8020,855
9595,856
19419,858
38656,863
26844,869
39546,870
26568,875
36998,877
24001,881
10687,884
10459,885
40172,889
24718,891
7017,897
24851,901
24415,903
31187,909
11225,913
14487,919
20693,921
20285,922
28908,924
3675,926
10687,928
33889,937
29846,958
20306,964
25011,966
19825,968
703,969
28769,973
7831,976
33330,994
37560,998
21606,999
7661,1004
34992,1005
4359,1006
20528,1011
21725,1012
14643,1013
28360,1015
13475,1026
23808,1029
15108,1033
23693,1039
5983,1041
14386,1044
16981,1045
34700,1046
1026,1048
2283,1049
10161,1050
9655,1052
18688,1057
14013,1058
18254,1059
2610,1060
40097,1061
38813,1062
4025,1063
13349,1064
39977,1065
4921,1066
31715,1069
19511,1080
21825,1082
37237,1083
25948,1085
32958,1092
3823,1093
16362,1094
22644,1095
8425,1096
28574,1117
2021,1124
21124,1126
40615,1128
38792,1130
27800,1144
11252,1149
29266,1150
10006,1153
27204,1158
15137,1159
12080,1162
5754,1164
35774,1167
9149,1169
38657,1170
7241,1175
11342,1180
34073,1181
7214,1182
8785,1183
12586,1187
16694,1201
12406,1202
7434,1206
970,1207
23516,1211
38122,1214
5744,1218
39229,1225
29714,1226
37729,1227
22486,1228
24896,1230
13117,1232
7805,1236
10887,1239
1453,1246
38377,1258
21785,1263
9520,1269
39607,1271
12587,1272
23167,1273
32408,1275
4068,1276
9895,1278
4763,1283
1533,1286
5766,1288
33449,1295
23458,1297
11652,1299
24621,1300
39839,1301
28898,1302
35826,1303
37566,1307
8527,1309
27218,1311
26974,1314
12833,1315
26325,1318
31741,1321
6695,1322
8075,1332
32358,1333
6065,1336
15232,1339
15380,1340
12529,1349
4523,1350
36908,1351
23626,1353
8962,1355
23094,1356
15038,1357
28068,1362
31874,1363
10535,1364
3035,1366
1906,1372
6992,1374
5822,1376
17739,1378
5864,1381
21850,1384
25271,1385
34868,1386
36991,1393
809,1395
28672,1396
19294,1401
32133,1402
18527,1403
34980,1405
3131,1409
12407,1426
22934,1428
39808,1430
18483,1431
6231,1432
39663,1438
33595,1440
31569,1441
26569,1443
4162,1444
25765,1449
24934,1450
30918,1456
6129,1458
37411,1461
23218,1463
32691,1466
16925,1467
26448,1472
4024,1474
40394,1477
40771,1478
18658,1479
39927,1481
30771,1483
39425,1484
15787,1488
26503,1490
37822,1493
36693,1504
28790,1506
39710,1507
27279,1509
32752,1515
34820,1517
33947,1519
5130,1528
8822,1529
1835,1536
2141,1539
16524,1540
23920,1544
30896,1546
19896,1547
30990,1548
17616,1549
4427,1552
24316,1553
7664,1554
2309,1555
30981,1556
18456,1560
22771,1563
15398,1570
39463,1571
35794,1573
11123,1574
20886,1575
22322,1578
25693,1579
26515,1580
38889,1584
19401,1586
2140,1590
18608,1591
40752,1594
31285,1595
13581,1597
10397,1604
21308,1606
6629,1608
32681,1612
34639,1615
25990,1616
9230,1619
16869,1620
9104,1623
32358,1624
34498,1626
38323,1628
6074,1629
33944,1635
38415,1639
37188,1640
24524,1641
11637,1642
533,1650
27030,1659
38460,1662
17792,1668
36024,1669
13766,1671
32675,1673
31240,1685
38624,1688
20719,1689
33080,1693
25127,1694
17413,1697
20558,1698
39110,1699
34574,1702
32900,1709
4439,1712
17325,1717
24784,1718
23218,1719
17788,1720
34274,1723
6306,1724
24000,1725
32354,1727
32292,1731
32381,1738
13739,1739
2209,1741
6087,1746
53,1747
7127,1749
997,1751
683,1755
14030,1756
34408,1757
15211,1758
3629,1759
3443,1760
11855,1761
6658,1766
36019,1767
12311,1770
10863,1774
37498,1779
36715,1780
18220,1782
36129,1783
33229,1791
24469,1792
3509,1800
7228,1804
28242,1805
10720,1814
9056,1829
24985,1835
19299,1838
30749,1840
27427,1842
23948,1848
118,1849
13914,1852
7154,1853
32727,1855
30819,1861
36554,1865
11274,1869
33840,1872
5837,1874
29069,1876
2321,1878
34677,1879
25198,1886
19303,1890
24681,1891
11831,1894
20648,1895
31869,1896
15900,1907
2160,1908
4119,1909
38698,1911
31773,1915
40948,1916
14296,1918
33344,1919
20199,1923
19811,1924
36436,1926
16562,1929
32672,1930
31777,1933
40913,1934
24725,1948
15685,1949
17413,1950
35466,1952
21115,1953
24640,1955
34618,1956
4168,1957
8594,1959
37840,1962
6904,1974
21657,1979
2460,1980
35805,1981
19206,1984
26262,1989
5585,1990
30126,1991
22814,1992
6226,1994
17182,1995
40465,2003
20097,2007
13252,2009
7547,2010
2537,2013
7595,2014
38248,2022
37830,2033
16633,2038
22817,2041
18387,2043
25730,2045
13902,2048
16112,2054
27494,2055
40621,2059
18825,2063
24959,2064
17884,2065
17502,2067
3353,2069
38367,2070
25525,2071
15080,2074
32651,2079
34080,2086
25891,2087
27156,2090
40360,2094
22809,2097
7624,2098
5787,2099
8411,2100
34574,2102
35135,2103
6884,2106
31935,2107
33726,2110
29595,2113
12765,2114
2275,2119
9673,2123
10657,2124
17015,2125
32051,2126
6606,2128
39312,2134
1181,2135
4265,2136
23499,2137
7383,2141
18605,2145
30796,2146
34869,2149
4786,2152
3427,2153
12730,2154
2440,2157
18052,2158
7152,2159
21105,2161
8339,2163
19986,2166
15155,2169
15127,2171
28808,2174
29131,2175
2972,2176
20823,2179
37212,2181
31261,2182
31024,2185
39253,2190
36,2191
35204,2193
36088,2202
17012,2204
31313,2213
7443,2218
33368,2219
40883,2223
11655,2224
2212,2226
20196,2227
31664,2228
20191,2230
2991,2231
23511,2236
5552,2237
27473,2238
19147,2239
9896,2242
12663,2247
15113,2250
32522,2254
37473,2255
18097,2256
31084,2259
22667,2293
25424,2294
26274,2298
40852,2299
17283,2300
5076,2302
3297,2304
7886,2306
19995,2307
6283,2314
8726,2319
33861,2321
40065,2323
17919,2328
23525,2330
39983,2332
20465,2335
24592,2336
4394,2338
14164,2344
2790,2347
40677,2350
8983,2353
21068,2356
314,2358
12063,2360
40004,2363
1756,2379
21043,2384
24113,2385
24148,2389
26945,2391
24376,2395
21407,2396
26321,2397
13270,2400
29616,2401
25345,2402
19015,2405
35193,2407
22073,2409
24935,2410
2545,2416
11972,2418
17595,2423
4969,2426
29497,2427
13274,2433
34897,2441
36297,2445
24365,2448
25692,2450
11154,2451
8953,2453
17714,2454
35896,2460
39627,2462
17905,2463
25283,2467
4288,2473
8557,2474
13157,2477
13407,2487
11564,2496
6024,2500
22619,2509
16337,2515
11912,2516
33197,2518
14505,2519
27765,2520
9494,2524
34597,2525
19990,2526
2402,2527
39303,2529
35500,2530
26120,2531
40112,2543
891,2547
39810,2549
24647,2552
28575,2553
9449,2555
9076,2569
27638,2570
32835,2575
26127,2576
37594,2581
13370,2584
39292,2586
13393,2587
12880,2589
20129,2591
38882,2599
4676,2600
24549,2601
10682,2607
33526,2609
17356,2610
10726,2612
34436,2628
4464,2629
27644,2632
20538,2640
16392,2641
25625,2642
25947,2644
24163,2646
26803,2649
3120,2652
9327,2658
16980,2659
34042,2661
25894,2662
25892,2663
19755,2665
11457,2666
38328,2667
38088,2670
36673,2671
19458,2677
29030,2685
24550,2690
38788,2692
37162,2693
27886,2699
23634,2700
34908,2709
31885,2711
6588,2719
12148,2728
34417,2737
27453,2740
3065,2741
5517,2743
2891,2744
18331,2747
3023,2749
9230,2752
14232,2754
15098,2760
29521,2762
11948,2765
7405,2766
8119,2768
2414,2773
11803,2775
7993,2778
30677,2780
23848,2784
10580,2785
4670,2786
36062,2788
18063,2789
7069,2791
25578,2792
2896,2793
2344,2794
25803,2795
20208,2798
3846,2803
16617,2805
40489,2808
13044,2809
8605,2817
26271,2819
18879,2825
11230,2826
13736,2827
36404,2828
6214,2839
8819,2842
29663,2855
29821,2856
40237,2858
13430,2869
33283,2870
20443,2871
11185,2872
39119,2873
21480,2875
33661,2876
31127,2881
360,2884
33635,2889
1523,2892
5388,2893
26673,2894
25475,2895
40892,2901
28804,2903
31457,2911
28343,2918
6562,2921
34539,2922
7117,2923
37492,2927
277,2928
25702,2932
8141,2938
6657,2939
24710,2942
26863,2943
988,2945
21793,2946
20162,2954
22977,2959
38253,2960
34724,2965
26,2966
468,2967
11439,2968
38003,2972
40000,2975
14577,2977
20805,2978
31987,2980
19064,2981
12376,2983
7711,2984
34690,2985
30999,2992
23293,2993
13791,2994
8355,2995
8593,2998
27404,2999
28894,3001
6918,3002
6458,3006
4258,3011
30074,3012
33489,3013
10264,3014
37594,3016
3634,3021
5794,3025
29882,3029
24100,3031
30289,3034
39517,3035
390,3036
10234,3038
10902,3040
33966,3041
1848,3043
28320,3046
22984,3048
21679,3050
38183,3051
8662,3053
31836,3054
7737,3056
36822,3057
16456,3064
17475,3066
27362,3067
40522,3072
26420,3075
29021,3076
7746,3077
7731,3080
9249,3083
35999,3084
14923,3085
8619,3086
8921,3087
21445,3088
13838,3089
17597,3093
34555,3096
10809,3104
28467,3107
8388,3109
16627,3112
20030,3118
1123,3120
24488,3121
6221,3123
32482,3128
18017,3129
35901,3130
37322,3147
16558,3149
27725,3166
39483,3169
2124,3173
4405,3174
26701,3177
16979,3178
35883,3182
38924,3183
6527,3184
18017,3185
28370,3186
39238,3188
19234,3193
11335,3197
19808,3200
181,3205
2214,3209
26757,3213
21664,3217
11632,3220
38278,3221
15291,3222
16449,3223
557,3231
36945,3232
23649,3233
7581,3237
18220,3239
24259,3241
15573,3242
22656,3243
2762,3244
32000,3246
37707,3247
208,3248
8598,3250
7297,3253
5460,3256
40225,3258
1964,3259
8795,3264
17956,3270
21800,3271
20076,3272
25587,3275
33919,3276
35713,3277
7651,3278
6589,3280
7366,3282
25741,3283
17797,3284
28183,3285
16383,3287
13738,3288
28504,3289
31779,3292
3739,3294
12809,3295
39261,3296
9145,3299
2298,3302
12004,3305
13887,3307
28922,3311
35875,3314
31802,3315
31695,3317
3212,3326
27559,3328
5217,3329
3227,3331
29296,3334
2374,3337
16985,3340
9084,3341
15336,3342
968,3343
28184,3345
28036,3346
26699,3351
23591,3352
13798,3353
4462,3356
16868,3358
24086,3361
34464,3362
10449,3364
29029,3365
5532,3368
20371,3369
14319,3370
19970,3371
25526,3374
3282,3376
20631,3378
36750,3379
575,3382
22855,3383
14220,3386
33841,3394
39701,3395
7892,3396
10290,3397
33618,3398
25437,3401
8300,3402
27753,3404
19883,3405
20341,3407
39708,3411
2856,3415
27282,3416
7897,3417
38084,3421
40795,3427
31462,3431
27753,3434
25735,3436
4803,3438
6288,3441
25138,3443
16425,3445
34403,3446
26428,3448
8472,3450
36287,3453
15723,3454
17989,3455
7406,3456
17764,3458
34042,3459
7745,3463
23247,3464
21400,3465
32076,3467
18741,3468
3241,3470
24787,3471
32633,3474
17837,3475
10007,3482
31849,3484
23688,3489
23240,3490
3791,3492
28982,3500
40604,3502
27516,3503
37310,3505
16193,3506
4636,3509
20271,3511
29039,3516
33282,3520
15295,3522
9504,3525
35645,3526
20212,3527
5020,3528
22553,3535
9873,3536
8781,3540
28512,3541
1365,3544
25729,3547
921,3551
28689,3552
6812,3553
26023,3554
7922,3559
10336,3562
32007,3563
20506,3572
34736,3574
15501,3576
13081,3577
6864,3578
3239,3579
21268,3580
18067,3581
23110,3582
36690,3585
38422,3586
3916,3588
36713,3589
33598,3593
39625,3598
21018,3599
2382,3601
20202,3602
26927,3605
7188,3607
19294,3608
6458,3609
13593,3610
27691,3611
28943,3612
11942,3613
19376,3616
38987,3625
158,3628
35061,3630
24375,3633
38307,3634
3952,3637
6776,3641
26389,3643
28117,3645
19553,3652
21473,3655
40177,3656
31676,3657
10028,3660
27298,3661
7297,3664
13336,3665
2374,3666
8116,3667
26062,3668
30315,3670
13245,3672
5921,3674
32636,3675
28647,3678
25698,3681
32444,3683
1094,3685
9874,3686
2102,3687
22391,3688
15345,3689
5115,3690
30365,3691
12269,3692
11225,3693
29182,3695
34009,3696
2974,3697
3882,3701
33728,3703
12261,3705
34466,3706
29654,3708
10762,3709
15560,3711
1455,3713
37358,3717
12300,3722
8185,3723
27196,3724
28743,3725
38844,3726
3318,3727
15444,3728
34524,3737
31862,3738
33449,3742
7196,3743
37071,3745
25802,3746
32295,3747
30158,3749
23816,3750
38715,3751
30363,3752
22712,3753
2716,3755
30269,3756
10360,3761
10469,3763
12772,3770
27437,3771
10823,3775
14456,3779
37264,3780
31706,3781
26574,3783
1220,3785
18625,3788
23283,3790
12911,3793
22413,3795
40685,3797
32513,3800
36717,3802
31950,3807
1508,3808
3867,3813
40126,3818
31806,3822
15668,3824
31837,3825
8815,3827
25966,3828
3758,3832
656,3836
22412,3838
33078,3839
6800,3840
3227,3841
9435,3844
1561,3845
17701,3846
25691,3847
18533,3848
1023,3849
12456,3850
3316,3851
37185,3852
19988,3853
28966,3854
34288,3855
39075,3856
23061,3857
40242,3862
36351,3865
1746,3868
237,3871
26721,3877
37273,3879
28849,3880
10583,3881
257,3882
18302,3883
37796,3884
31510,3885
4290,3887
11153,3888
12465,3893
10915,3898
3183,3899
3750,3901
20722,3902
17072,3903
6912,3910
38454,3921
29841,3925
38376,3926
33256,3928
36530,3932
35958,3935
10881,3937
37897,3938
18838,3939
6930,3941
411,3942
33455,3943
34324,3944
4276,3945
21749,3947
38468,3950
36011,3954
36878,3957
28126,3959
31934,3962
22707,3965
10551,3966
32128,3969
19820,3970
2936,3971
6614,3972
30880,3977
19733,3980
9812,3981
40022,3982
20406,3985
14745,3987
4876,3988
17879,3989
22442,3990
25632,3997
23460,3999
25421,4002
8156,4007
8155,4013
8053,4015
31844,4016
26154,4017
21552,4023
15573,4024
1051,4027
18767,4028
6878,4029
680,4030
40321,4031
5346,4033
37129,4036
26284,4043
14535,4044
36617,4045
23859,4055
5575,4056
4350,4057
3064,4058
21717,4064
19846,4080
35744,4085
26919,4090
39596,4091
29480,4106
12450,4110
10228,4112
10206,4115
16416,4117
22058,4119
25991,4120
28025,4123
10323,4126
28705,4127
14760,4128
32738,4130
27995,4131
39776,4132
36023,4133
20222,4138
20240,4141
23169,4142
19953,4143
33664,4144
3264,4145
2623,4146
37108,4150
36030,4163
10525,4164
17560,4167
35524,4168
15589,4169
4161,4171
1789,4172
8113,4173
31976,4176
8896,4179
11087,4180
29841,4184
37561,4185
29993,4188
6020,4190
17624,4197
27243,4200
30677,4201
10210,4202
37261,4203
1317,4207
18951,4208
1727,4216
25482,4217
3660,4219
9234,4221
4859,4227
38032,4228
6840,4231
32084,4236
27559,4241
30390,4242
11547,4246
1856,4251
17737,4252
7625,4254
14509,4255
29141,4257
12436,4258
34597,4261
39083,4262
252,4264
15492,4265
19962,4266
8736,4267
11548,4270
2185,4271
22180,4272
623,4273
36040,4274
26199,4275
23772,4277
26639,4280
19634,4289
38526,4291
7835,4297
17910,4299
36469,4301
33671,4305
12867,4306
16397,4308
11053,4309
10642,4310
21051,4311
34825,4312
217,4313
12269,4317
35718,4321
33312,4327
22748,4328
8354,4341
14093,4345
25370,4348
21468,4351
3034,4354
33996,4357
5569,4360
6871,4363
36179,4364
617,4366
7521,4367
11510,4368
38513,4369
38128,4372
9804,4373
6108,4377
30980,4380
29273,4381
16095,4382
35177,4385
40540,4387
29556,4388
30365,4390
7350,4400
2986,4401
30329,4404
34581,4406
19587,4407
32031,4408
29843,4409
37534,4410
34350,4411
17334,4413
19240,4414
15046,4416
21416,4431
26141,4437
5077,4462
11133,4466
33210,4470
9224,4475
5693,4477
19313,4479
14051,4480
16620,4484
37449,4486
19638,4488
11143,4489
36285,4490
23617,4492
28793,4495
28577,4496
284,4498
177,4499
36465,4502
11119,4504
21361,4505
40452,4509
8530,4512
25755,4518
22178,4519
29846,4521
1854,4522
18984,4524
36970,4528
24830,4530
32106,4531
18475,4532
5954,4535
1151,4536
22689,4537
31272,4543
8724,4547
31994,4550
15171,4551
38705,4552
35901,4554
37038,4571
5419,4605
12608,4609
24092,4622
15933,4623
37167,4624
20737,4628
7607,4629
8028,4630
23295,4632
25103,4633
26524,4634
37658,4635
29828,4636
21079,4637
25180,4638
22911,4639
23534,4640
22687,4641
24345,4644
38774,4645
24022,4646
12579,4648
29642,4649
16170,4651
18591,4652
16026,4653
20990,4655
36694,4656
9736,4659
2401,4663
11175,4664
26410,4671
16462,4673
12549,4674
2803,4675
27457,4677
5946,4678
38440,4679
27590,4683
26941,4690
10605,4696
33619,4697
28892,4703
12575,4704
31612,4705
3413,4710
16065,4711
37018,4712
229,4717
31487,4718
37035,4739
19957,4742
13760,4743
16847,4744
2921,4745
37809,4748
15918,4751
23105,4753
37571,4755
19452,4759
8361,4760
33471,4762
5387,4763
22526,4764
34127,4765
21569,4767
9249,4768
8772,4772
40720,4773
18307,4777
26887,4778
21536,4779
26597,4781
34620,4799
25218,4805
3876,4808
38844,4810
3514,4814
9893,4816
21016,4819
38608,4821
34640,4822
24663,4825
19137,4832
6302,4833
9749,4837
34266,4838
13813,4839
8471,4842
5396,4845
390,4846
40892,4847
13223,4849
16639,4853
25527,4854
9303,4857
16392,4858
26541,4863
31138,4866
8773,4870
2738,4875
9418,4880
33097,4893
36252,4895
17169,4896
7848,4897
28520,4899
27030,4901
25507,4904
40528,4909
19027,4911
25817,4914
504,4915
40033,4925
13143,4926
25929,4927
2818,4931
25813,4934
8190,4942
8002,4943
16943,4947
29436,4950
17657,4952
28733,4958
9164,4962
12740,4965
6969,4968
32731,4974
7508,4977
40523,4979
12405,4981
33541,4985
10195,4986
2137,4989
8362,4993
36986,4995
18303,4998
13186,5001
16304,5005
5220,5006
38888,5024
25845,5027
22433,5028
17669,5030
40648,5031
12293,5033
489,5036
39491,5037
5475,5039
17703,5047
8857,5049
4823,5053
31078,5058
4563,5062
15955,5064
31503,5066
610,5070
36904,5071
35330,5076
12381,5079
19638,5083
28063,5088
38348,5090
36861,5091
14583,5096
36738,5098
36983,5099
18804,5100
28982,5104
37404,5106
8306,5110
13535,5113
32280,5119
192,5120
4777,5121
24721,5126
3811,5127
37543,5129
23651,5139
37554,5140
35247,5141
31436,5142
5098,5146
24563,5148
12973,5150
7936,5151
26971,5155
28039,5156
21017,5158
2680,5160
11999,5166
17486,5167
10562,5169
25308,5170
19457,5171
8517,5174
9572,5176
20927,5179
35867,5181
6944,5186
17760,5192
37028,5193
27518,5194
29697,5195
31505,5196
20011,5201
2837,5206
33880,5207
34516,5209
21315,5211
13732,5216
26810,5217
15794,5220
5076,5222
37554,5232
32067,5233
30087,5237
27670,5238
8089,5243
27046,5244
7019,5245
20701,5246
30209,5247
21294,5248
30726,5251
18250,5252
28954,5255
33014,5258
32865,5259
9071,5260
36151,5263
8842,5264
6099,5273
38344,5275
32054,5279
17838,5281
4090,5285
24517,5286
29796,5287
13,5288
17556,5289
19742,5290
16794,5292
8789,5296
27576,5298
15500,5299
21095,5300
8641,5302
4064,5306
3901,5321
24608,5322
29138,5325
3149,5328
8974,5346
38698,5348
21754,5349
3795,5350
29348,5351
9424,5353
28242,5355
26845,5356
24611,5357
208,5361
21087,5363
3081,5364
16250,5366
38012,5367
15130,5381
23711,5383
2828,5384
6721,5385
36951,5387
20771,5391
27788,5393
28161,5394
8500,5396
29800,5398
16006,5400
18057,5402
39154,5404
20965,5405
16506,5406
5505,5407
39143,5408
19162,5410
8019,5411
7369,5413
23750,5414
29177,5415
28100,5422
28927,5423
19203,5426
27848,5434
16171,5435
32221,5437
33404,5438
23576,5439
34863,5440
32312,5445
23958,5446
26726,5458
3327,5459
13320,5460
14476,5465
13828,5466
18437,5471
28142,5478
9888,5480
25006,5489
30168,5495
13509,5510
21296,5511
25233,5514
4997,5515
15109,5520
3068,5521
26539,5524
30924,5538
24364,5539
10327,5543
12681,5554
6640,5559
28723,5564
22286,5567
16739,5568
15571,5570
6280,5576
12768,5579
12646,5581
27225,5584
18938,5586
2817,5592
21893,5593
21328,5594
33091,5599
3100,5602
25025,5604
37308,5609
2386,5610
10306,5612
11532,5641
5609,5651
14833,5654
36362,5655
35309,5656
35267,5659
27315,5663
11669,5666
22878,5668
9952,5669
27102,5670
36871,5671
30455,5672
7665,5673
19475,5674
34343,5676
7784,5678
35124,5681
8942,5684
7389,5685
20285,5687
316,5691
11704,5693
39169,5700
24980,5701
27457,5704
39466,5708
26707,5716
21515,5717
3917,5721
10032,5723
24292,5724
21038,5728
19505,5729
7880,5730
7301,5731
33275,5732
39170,5733
40252,5742
19310,5745
29503,5752
30996,5753
24677,5754
17407,5760
37543,5763
7363,5764
4804,5767
17420,5769
9394,5770
28797,5772
40482,5776
6188,5778
31074,5782
23000,5786
22427,5787
28618,5788
16277,5789
23841,5790
30702,5791
39786,5792
21186,5799
9856,5800
37269,5801
29080,5802
26773,5803
199,5804
33066,5805
17930,5806
10868,5807
18494,5808
21953,5812
12735,5813
18811,5815
26680,5823
3628,5824
30855,5826
38926,5828
4493,5830
40631,5837
17441,5839
12733,5844
13948,5845
32593,5846
35757,5851
29903,5854
27588,5856
19730,5857
40274,5863
37934,5864
20951,5867
2635,5868
39508,5870
25979,5871
13118,5872
36764,5878
19872,5883
255,5886
9038,5896
8918,5901
36335,5903
27109,5909
10993,5915
33970,5919
39176,5920
8628,5921
11242,5923
27648,5924
6378,5934
34381,5940
34411,5941
21879,5965
10246,5968
34282,5975
6480,5979
14548,5983
21262,5985
10603,5987
38069,5990
40900,5998
28712,6002
22096,6027
27013,6038
17458,6045
26238,6049
31952,6067
12760,6068
34642,6078
30304,6090
22841,6095
17554,6101
3629,6102
23381,6103
28475,6106
7619,6109
31501,6127
36075,6133
5741,6138
40820,6147
37865,6157
26657,6162
9521,6167
33650,6168
9776,6175
25891,6178
40698,6195
4369,6199
26666,6214
38642,6217
22342,6220
39104,6229
10260,6250
7559,6251
23038,6253
19060,6254
36110,6259
36406,6262
17829,6263
35890,6264
29698,6265
18675,6266
20182,6276
34492,6277
7677,6280
20813,6282
39935,6287
10878,6292
11407,6295
30853,6296
29261,6302
11203,6305
7767,6319
8977,6324
22652,6336
34613,6342
19837,6348
32812,6358
27990,6361
19379,6362
2620,6365
38219,6369
8627,6374
10256,6379
26546,6382
1463,6386
11175,6390
11796,6394
14355,6399
8399,6402
7186,6405
20457,6408
1223,6412
4846,6414
37365,6417
39649,6421
21460,6427
21390,6431
39037,6452
15113,6456
34150,6457
3648,6458
5437,6460
34147,6461
37635,6470
29197,6478
3152,6484
17842,6488
15601,6491
24065,6496
27342,6499
16238,6505
10485,6506
29285,6507
26891,6508
23171,6509
23600,6510
40304,6514
35257,6515
17788,6520
22498,6521
8613,6525
29014,6533
19601,6539
5931,6543
27288,6550
13443,6557
18520,6560
471,6561
17082,6564
26626,6569
33120,6572
10601,6573
11177,6587
35993,6588
31613,6602
34089,6604
36447,6608
18189,6612
10225,6614
4488,6619
3367,6636
40219,6647
1259,6651
24756,6652
16842,6653
1053,6659
7749,6660
20176,6661
23398,6664
36014,6672
9358,6673
16938,6674
24643,6675
28250,6677
30051,6679
24904,6691
5276,6694
2885,6696
22047,6698
30491,6708
12820,6710
10335,6715
6463,6718
8461,6725
10360,6729
17505,6732
32877,6733
1877,6742
2852,6745
29444,6751
27528,6764
19324,6767
5716,6771
10453,6774
4135,6775
11744,6783
2987,6786
3419,6789
10090,6792
38386,6796
19008,6804
21304,6807
20629,6812
2758,6813
25552,6821
35737,6823
22097,6825
25460,6826
10613,6828
39494,6834
13282,6835
18962,6836
32710,6837
33122,6842
27621,6850
23015,6858
32097,6869
14494,6872
38154,6886
14264,6890
21352,6891
21028,6895
22990,6896
20880,6902
24372,6907
23695,6908
19441,6918
38428,6920
20536,6923
2772,6924
21739,6927
10121,6931
23259,6936
38272,6938
30390,6942
24005,6952
31827,6954
29090,6956
4788,6964
31878,6966
16195,6970
10879,6971
18756,6972
24795,6975
32093,6977
14029,6982
12168,6997
19782,6999
15337,7007
39566,7018
16431,7025
18047,7029
33658,7030
17279,7034
36828,7040
6167,7051
14584,7055
9503,7060
26642,7070
1336,7081
2487,7082
7358,7083
1872,7084
36725,7086
34703,7099
22758,7101
28491,7102
39945,7117
3740,7121
33256,7124
17581,7126
2049,7130
35520,7132
14269,7139
2949,7143
27463,7144
31403,7149
38139,7156
28087,7158
1608,7169
11583,7178
12305,7183
40430,7185
2345,7186
7232,7188
38912,7197
21183,7215
12946,7216
27842,7218
28877,7223
10394,7227
29243,7233
11621,7236
35914,7246
29160,7255
25234,7256
14597,7257
35727,7258
39875,7264
22952,7265
20990,7267
681,7269
31728,7280
7446,7286
19926,7288
34764,7291
25858,7292
26962,7298
27156,7301
21834,7302
13290,7308
6457,7313
8979,7319
29222,7322
12220,7325
25120,7326
15281,7332
22106,7339
22633,7343
23976,7344
27798,7349
25415,7350
35519,7354
28551,7360
32581,7369
8196,7377
14167,7382
8165,7383
21230,7384
34672,7386
8997,7393
20188,7405
36157,7407
4087,7409
31496,7419
5781,7436
13818,7437
4805,7439
13676,7447
13758,7448
19363,7450
14087,7454
4585,7456
537,7458
7255,7460
2497,7464
26620,7469
36296,7481
10238,7484
26277,7486
12022,7503
25376,7506
9896,7522
36010,7529
13319,7530
12669,7539
31294,7541
38667,7548
37458,7552
20279,7569
40279,7570
2881,7571
4121,7572
25913,7573
730,7574
25814,7575
20960,7577
29588,7587
18996,7589
32920,7590
4735,7594
17984,7598
17669,7600
28288,7611
5655,7624
6330,7625
25058,7628
17381,7629
30798,7630
26913,7633
34882,7641
30580,7647
23822,7650
2263,7663
4948,7667
2390,7672
6009,7675
10324,7676
33786,7686
3682,7690
8743,7694
32338,7699
6071,7706
39387,7710
40536,7711
15212,7719
16208,7722
9629,7726
5720,7730
4785,7748
40269,7757
32336,7760
35481,7761
17192,7762
30332,7763
20791,7764
22912,7765
34892,7766
30785,7767
16545,7768
11203,7769
26806,7770
887,7771
38973,7772
17338,7773
21686,7774
16586,7775
34275,7776
34083,7777
31186,7778
16111,7780
39867,7781
30228,7782
24830,7783
2521,7784
5566,7785
25865,7786
9308,7787
383,7788
31998,7799
39655,7801
1240,7807
876,7809
5846,7811
38961,7813
27900,7814
20923,7816
30770,7829
25549,7836
35401,7839
34298,7841
14009,7843
20611,7848
28362,7851
28616,7857
21800,7863
27689,7868
20121,7871
20951,7873
24305,7879
36336,7893
35918,7898
38760,7907
4724,7909
2290,7943
31521,7949
25827,7954
16918,7969
8184,7983
20065,7985
36971,7992
4079,7994
14098,8001
18553,8003
9030,8016
38935,8021
14538,8022
25584,8023
28395,8031
3073,8032
25485,8041
30518,8045
25517,8059
32615,8063
25578,8065
404,8071
29215,8084
22441,8086
34385,8094
29793,8095
25336,8098
6881,8103
36860,8108
29527,8110
38312,8118
14635,8122
11419,8126
36117,8130
35411,8133
5026,8138
4175,8144
11131,8148
15138,8149
22805,8166
12766,8174
2805,8175
4123,8176
705,8181
25127,8183
16073,8190
