UID,MID,Rating
3171,5301,3
4171,6614,4
2454,1621,1
1532,4450,5
2270,1306,2
3098,427,1
4429,5757,1
1367,796,4
1066,7888,1
78,6806,1
3641,3029,4
4830,295,2
1300,5681,5
3471,5717,1
2258,6658,1
3912,7420,4
1236,2181,3
179,2858,4
3723,7283,4
4830,7643,4
124,583,4
1482,5601,5
2134,2563,4
2157,5813,2
633,8216,2
513,5176,5
448,4375,2
1208,5718,2
309,7994,2
4520,2521,4
1566,1460,5
3027,77,4
198,7210,2
1971,6959,2
4846,8066,5
4387,7908,3
1097,499,2
2460,2419,5
814,3756,2
738,1738,1
3279,6120,5
4467,790,5
4036,2013,5
1818,4455,3
1699,6320,1
996,5328,4
701,6680,5
3349,7977,1
975,7522,1
4762,7162,5
2657,4806,1
2816,4437,3
604,4721,3
2922,6371,3
4988,6352,5
2150,4143,3
2308,7616,4
3790,4871,1
1055,8610,5
323,3609,5
21,8103,4
3000,2962,3
783,1800,2
458,834,2
2528,4692,3
4922,1833,4
4325,8694,1
2112,3579,1
2467,4895,4
61,3767,3
3979,3032,2
3240,8139,2
2161,5611,4
3636,1537,5
516,6837,2
4005,4916,5
2475,2154,5
4462,7052,2
379,6805,2
4942,962,2
1877,346,5
1403,6517,3
4112,1006,4
2969,8586,4
4903,1785,1
1515,746,3
3232,172,1
4954,895,4
2819,3855,4
2515,6303,4
2065,413,2
2524,7296,3
1926,3455,5
2094,6898,3
4074,6336,2
349,4708,1
4521,6495,5
1310,5264,5
2574,6705,3
964,4923,4
1832,4732,3
977,408,1
2151,1246,4
1953,6501,2
2071,6108,3
1458,4124,5
3663,365,1
410,65,1
2,1911,5
4473,7803,3
3868,5292,4
1489,1719,5
2132,6067,3
61,3205,5
197,6682,4
1341,2649,4
3803,6911,2
2109,1524,2
1993,1425,4
1548,4639,3
4079,5923,5
1746,6805,3
3975,8318,3
975,1840,4
586,7802,5
4382,2894,4
1109,2536,2
2749,7313,1
3524,82,5
1148,4063,3
2054,7288,5
346,2857,2
1219,3189,3
1754,3776,1
2592,3576,5
3269,8407,4
4116,4604,1
3181,22,4
1735,4706,2
2843,426,3
2158,5836,1
142,581,2
4325,1464,2
4227,6989,3
4044,8077,3
991,3844,2
1098,1717,4
2281,6198,3
3703,3541,3
3647,3731,5
2908,8337,4
4981,4640,2
574,3820,4
1414,7260,5
4927,4102,1
1798,43,3
1801,5176,1
2071,4272,4
4151,812,2
1109,4904,2
1473,4312,1
645,2554,3
1711,1468,4
1499,918,4
2074,1751,1
3495,6351,1
1424,8623,2
508,5831,4
1705,97,5
4380,2767,5
3137,7787,2
3270,6506,5
207,8022,4
590,824,4
4928,113,5
4124,2103,5
2674,6218,3
1630,8165,5
2851,8624,4
1478,1117,2
4421,7871,5
1300,5662,2
2114,1375,1
2979,3229,3
3813,1596,2
1975,2571,1
574,284,5
4027,1932,4
4534,8177,5
3622,4789,4
3982,711,3
1106,7970,5
4795,6339,3
116,1965,2
3407,3611,2
4928,7893,2
3745,34,1
3429,6202,1
1191,2167,5
1295,5103,2
3167,1307,4
3493,7084,3
4733,6381,2
2183,5545,2
4053,5137,3
3239,5604,1
2563,5664,4
42,5453,1
921,748,5
1779,5235,2
2534,6075,3
1846,1525,3
2744,2784,2
776,406,5
2312,3972,1
3999,6375,2
2394,5877,2
4684,5186,5
1139,6523,4
559,2052,2
3709,4467,4
2789,7447,5
4136,1540,5
1283,5697,1
72,597,3
3412,4916,1
589,6232,5
1400,4692,2
1173,7921,1
3798,3758,3
4813,4459,4
2995,2052,3
3178,424,5
1249,1209,4
2143,211,1
1384,7110,1
574,4168,4
2327,2682,1
2357,4961,5
953,7913,1
2193,5626,4
78,685,3
246,2694,2
477,6167,1
4376,6132,5
1233,6768,1
4717,1460,5
287,2452,5
4119,1512,2
897,8649,3
1789,100,4
4532,1653,4
4600,5986,2
695,1967,4
1291,2135,4
1584,7521,2
2449,5260,1
3724,3438,1
3675,1055,4
8,6406,1
2012,5752,5
633,4634,4
65,3703,3
1501,5981,1
3994,156,5
250,4838,4
861,1938,3
655,8701,1
1017,5530,1
2432,556,5
1797,4635,1
4194,6097,3
1942,8117,1
358,3873,1
3517,2422,3
2372,3886,5
4670,863,2
4343,8482,3
4678,6850,1
1076,704,4
1739,7632,1
596,7030,2
3148,5727,3
4994,4146,4
4212,2807,3
4383,7673,3
1555,2831,2
2166,1784,2
2645,895,2
4478,685,4
3182,1846,1
2749,1263,3
4558,8327,3
1115,3429,5
2864,1376,4
2571,942,5
2063,6494,3
2059,4991,3
2443,7090,1
3748,2803,1
906,830,5
4969,5633,5
3561,5586,4
1294,84,5
2811,2582,3
1451,5012,5
2875,1760,2
4960,8805,4
3310,3278,5
1419,7284,2
2491,7548,4
25,7396,1
1254,3086,1
2637,4178,2
4992,7578,1
1969,6009,2
4798,4909,1
3097,547,1
154,481,4
3793,2095,4
1711,7085,3
2943,6380,1
4393,1899,5
4178,1717,4
3332,524,1
3821,2827,5
3385,5846,5
4487,3233,5
3979,1129,2
688,2861,5
3190,6358,4
167,5188,5
2689,6004,2
1753,4604,2
4785,7102,5
1235,4453,1
3969,864,2
4669,3662,5
3857,5922,3
1764,2310,4
995,1385,3
855,5656,4
1163,343,4
1833,1812,4
3839,4293,3
4491,7162,1
2172,6849,4
2731,4439,5
1717,272,1
2936,4598,4
3690,5741,4
4791,6963,4
4157,5528,4
2318,5204,2
1722,5500,2
3648,7780,2
4706,4865,3
3615,808,5
3765,1418,1
3407,6856,3
2384,1319,3
3269,1271,4
2071,5766,4
802,4465,4
3652,4940,5
2428,7367,4
2233,3985,4
4822,392,2
4157,1135,5
4007,511,3
4553,2470,3
2292,8682,2
4389,7817,4
2457,966,3
4309,8621,3
867,6570,3
216,4558,1
1649,1532,5
1177,7435,3
1357,6405,2
1267,7976,1
1013,1547,2
4326,4913,1
311,6062,1
27,5389,3
1416,1279,3
1522,6062,4
4086,3781,1
1167,4817,5
4755,8182,2
3183,1292,2
3696,5975,5
2935,2692,1
156,2581,3
1673,1339,4
633,2833,5
1425,6290,4
4882,1922,2
1016,6276,3
2588,8692,1
4703,7352,3
1626,1277,3
3994,4409,1
1636,7123,4
3607,5933,2
2937,1547,4
822,1739,5
3287,4602,5
2310,7044,1
4297,3602,5
2807,483,3
3387,2325,1
573,2625,1
1948,2433,5
1171,2494,3
3965,8708,1
3188,4528,4
3551,5365,5
3603,189,4
1980,5577,1
1748,7769,4
2730,8012,5
4469,90,5
2465,186,2
4116,789,4
1176,5256,5
3930,7,3
3362,3619,5
1075,778,4
429,5515,5
482,4849,5
848,717,3
2837,6777,4
2478,6496,2
599,8622,5
97,1096,1
2406,1140,1
4211,6331,2
3796,6289,2
4207,3197,4
4480,4871,2
744,1719,3
4557,318,2
2624,1089,3
9,7960,3
3290,3963,1
3898,4515,2
2479,3680,5
1207,3735,4
1680,1628,3
4781,375,1
4985,7570,4
4571,3169,4
2191,6567,1
4541,647,2
1364,7629,2
4260,695,4
1421,3395,2
4113,860,4
1753,5143,5
4509,3298,3
2908,388,4
660,685,3
873,3125,5
2320,3157,3
1440,8451,2
3800,6672,3
3282,2431,1
4379,8067,3
3260,1538,2
564,5252,2
113,382,3
1458,202,3
1169,7251,5
1057,4758,3
693,2924,1
3676,800,4
2845,1490,4
2486,4269,2
503,8227,5
2150,2863,5
3295,7892,3
2216,1241,2
2307,5421,1
3837,7848,1
3155,8154,4
2695,7689,2
3194,6172,4
4867,3230,3
1044,2428,5
4657,1651,3
1445,289,5
1407,4653,4
571,5333,1
2864,1843,3
3610,4109,4
4899,639,5
31,4261,3
78,5460,2
3420,739,5
1027,7432,2
1440,3226,1
2146,7288,3
2201,8605,2
1558,4230,5
515,4283,4
4492,1606,1
1446,3641,2
130,1271,3
2230,7727,1
954,8219,3
2489,21,3
2921,4079,1
2557,5063,4
4909,5605,5
4198,2671,1
3377,5660,4
441,2732,3
4261,8092,3
4033,1369,1
1179,406,5
3755,3532,2
2666,7010,5
4745,1119,1
3501,158,1
3827,614,3
3533,7589,3
1050,1866,3
771,6128,2
4525,8577,2
4244,8403,1
1814,2183,1
2364,1144,4
1103,3848,4
1353,1287,4
3974,648,4
1549,8773,4
4848,4604,3
1852,3470,4
528,6891,5
2707,5561,4
3129,1542,4
1723,8667,5
3778,3682,2
2686,8787,3
2255,6935,4
951,6242,4
2525,4966,5
3598,3120,1
873,5114,2
951,7685,5
4222,1568,2
3206,7053,4
1040,4109,4
1003,8064,4
1813,2053,4
1241,8690,3
4808,5511,3
360,2812,5
4654,6787,4
2884,7068,2
3190,4177,5
3123,4204,3
2876,5606,5
91,5990,4
2691,2428,2
2219,6952,5
1096,4883,4
3323,1243,5
1292,7769,3
4556,52,5
878,4497,1
4338,7319,5
2230,6476,1
2548,3390,3
2685,4747,4
2302,7581,2
4199,7648,5
3109,7939,2
4318,6408,5
2304,2886,3
4475,8794,5
2928,2295,1
738,6893,5
3829,3567,2
4531,6593,5
3217,2844,5
3345,7832,3
2707,2379,4
817,6524,5
4149,5797,5
2998,5371,2
3718,5731,4
1138,4965,4
4215,1223,1
572,6236,5
4979,1112,4
220,1320,3
259,1544,2
3964,4051,5
1696,1787,2
1810,8415,2
2188,4059,4
4724,8397,4
978,3409,3
4183,7262,5
180,7444,1
756,7522,4
2051,2897,3
3527,2745,4
1285,4898,1
779,507,1
1087,8557,3
994,7829,3
2029,5818,1
4747,6428,3
960,3256,4
4004,2085,1
1664,7339,5
4462,6345,1
1258,7724,1
2408,6581,2
2639,6088,2
648,381,5
1094,1533,3
2066,1448,1
2339,6687,1
754,1980,2
4375,4388,3
2182,8801,1
3417,2497,2
349,1090,5
3065,4934,1
3866,7805,5
3310,1640,3
1154,271,2
905,2870,3
4576,7122,3
1986,2256,3
422,6571,3
2994,3341,1
4826,8442,5
4648,8281,5
2976,4974,4
2579,3552,4
993,1329,3
293,492,1
4297,6931,4
359,1045,1
4252,3874,3
2105,4802,2
2797,3553,3
3764,8077,1
1815,1706,3
2485,5504,3
722,8470,5
4188,4459,4
3854,2963,1
537,1140,2
1664,2998,2
274,8308,3
998,4798,5
803,402,2
567,6442,4
4850,4052,3
3573,1145,1
3961,2927,1
1916,7140,1
2211,2662,3
1723,6136,5
3295,1858,4
4865,4641,3
489,4751,1
4410,409,4
3704,3293,4
2816,3797,5
1502,8715,1
4184,5980,5
2997,4088,5
1464,7319,4
816,6170,1
195,2870,2
4943,1320,1
277,8520,4
3615,1547,2
4789,7418,4
1657,4805,2
4735,5140,2
4540,1889,2
3211,6420,1
4417,5909,5
2184,4263,4
1870,7791,1
440,6111,5
3514,4343,1
2150,1251,2
2272,1537,2
1693,4271,2
2788,4678,5
3629,7519,5
548,7494,1
545,6446,5
4644,2757,2
337,5639,2
2264,5917,3
2684,6305,1
3174,5306,5
2396,4245,4
255,2044,2
507,555,4
4850,5136,2
2640,7485,2
3887,2779,1
4595,3434,3
2471,8470,1
1186,7015,1
3672,3741,5
2460,4689,1
3668,8258,1
114,1919,3
1285,8461,3
3059,1221,4
724,7717,3
387,8661,1
2323,1095,1
203,215,1
2286,8020,1
4044,3132,2
3920,1778,1
4858,749,1
3837,7201,1
4115,1089,3
1255,1467,2
2658,3390,4
3703,3461,5
4443,7985,2
3694,545,3
596,5958,2
1679,3305,2
2247,6737,5
4670,7543,2
3258,850,1
3225,4825,5
3941,2925,3
2809,8403,1
3701,5427,1
4115,3919,1
2356,6415,5
1635,5568,1
823,7385,4
110,927,1
4214,7008,5
2565,7989,4
1452,5957,2
2041,4851,4
2491,3943,4
3041,5915,3
2192,1508,3
3479,2550,2
3923,849,2
1967,4885,2
523,1658,4
3794,6576,4
1253,3605,2
4245,7704,4
925,6763,3
2166,6222,5
2761,1027,5
190,1590,2
2824,7637,5
1085,7981,1
3952,8215,2
1028,2932,3
3438,1676,3
1473,3876,4
4708,4516,4
4269,7603,3
3134,5736,1
473,7648,2
4045,8218,5
2128,8386,3
1271,5385,3
4434,6278,3
4878,1350,1
4242,3041,3
401,7028,5
3845,4022,3
1660,3223,1
1048,1439,4
581,4271,5
3290,8146,1
4667,2576,4
2689,1625,5
2468,1366,1
3288,592,4
2882,6820,4
3663,8669,1
3079,3215,2
157,4703,5
3149,431,1
2109,8310,1
4206,4177,5
204,5028,5
1672,4833,2
4395,2054,1
4963,5221,2
1750,4275,4
1267,1677,5
4559,5629,4
2352,6038,3
1813,812,4
3219,1047,5
1950,3108,5
3826,8296,2
4238,4375,3
3012,8404,1
4525,1826,2
1758,2744,3
276,6213,3
3488,1464,3
1362,656,3
1819,3583,2
631,2021,5
130,1079,2
1201,4695,1
4670,203,3
3226,2756,1
593,4888,2
4452,2886,2
4538,725,5
1114,3546,4
1686,596,4
639,8281,4
1010,754,1
1792,5463,3
4160,4761,4
2435,8165,4
205,1153,3
1142,2993,4
2283,1448,1
3806,1191,4
1936,6768,3
4992,5157,2
834,6070,4
3567,7977,5
1525,7610,5
2776,1123,2
621,3634,3
3085,1092,4
2030,6439,4
4501,5412,5
542,3392,5
4856,5970,4
1609,6220,2
3914,6047,1
3492,7227,1
1572,2441,5
3220,1067,2
1995,5067,1
1116,3701,4
2264,1058,1
2682,3258,3
782,3691,5
543,5053,1
1902,6147,3
2404,7667,4
4461,6919,5
513,1854,1
303,7828,2
1240,8153,1
4700,3947,2
4437,8223,4
1258,8072,2
1756,3124,2
731,2501,4
1048,1913,1
3468,6911,4
3593,2848,2
2768,8480,4
3538,3013,3
1083,2615,3
4212,2050,4
4723,6980,1
1750,6151,2
1394,5999,1
1664,7994,2
3225,5789,2
4200,7705,2
61,8529,5
184,6917,5
3973,6986,5
3435,4310,4
718,4302,4
1654,5810,5
194,2436,1
732,8380,3
638,8785,4
3836,5474,5
2094,8682,4
3505,8800,4
1179,7271,4
4117,2124,3
4035,5045,3
2660,2782,3
2713,244,4
2292,200,5
4312,1366,5
2916,2506,5
1368,906,5
421,689,4
769,4922,3
3182,8801,3
1606,7563,1
3422,1643,4
4512,1212,2
1845,54,2
4480,6249,5
624,4578,3
2166,5352,1
2568,4133,2
4748,7936,4
4248,6117,1
4830,3189,5
4977,1107,1
865,8395,4
1648,3353,1
2187,1621,5
1348,5345,3
4899,1294,1
4749,7484,4
3314,2016,1
3664,3031,2
828,1375,2
924,5060,5
3534,6794,3
1527,996,3
368,3432,1
2037,4670,2
3974,6900,1
3728,1585,3
3066,4633,2
3973,6528,2
2301,3069,3
766,3790,3
1785,6129,1
2832,1322,1
4882,3073,3
1795,882,2
2518,6781,1
4822,6872,1
425,3792,4
1033,1455,5
2145,1270,1
2375,1031,2
1577,3815,4
905,8121,2
3934,7862,3
1782,4459,4
2467,1702,1
1111,5974,4
2362,8002,4
1657,580,5
18,2327,1
1555,5012,2
1286,1773,4
2712,4660,2
1260,2529,1
3825,8313,1
484,6168,5
26,7202,5
4939,1356,3
1365,7056,5
144,855,1
480,1724,3
4623,2260,2
1884,4495,2
1216,2318,3
2195,5503,5
4261,2601,2
3080,6402,5
4789,6450,2
985,3097,5
924,2892,1
4192,6897,1
4758,6810,4
3567,8706,5
600,6504,3
1310,6139,5
2743,2468,5
1513,8359,1
4283,8188,1
1815,2240,1
3547,6882,3
2260,7277,4
518,4392,1
767,7695,2
4467,2260,5
681,1271,3
3277,4610,5
3145,1906,2
3834,42,4
1970,3630,3
2298,1488,2
52,6822,2
723,4203,2
756,4453,1
2866,5976,2
2942,3276,5
1619,482,1
1989,7700,4
1327,2835,2
2726,1445,2
3112,4412,4
1535,198,4
4338,4348,2
2870,6026,1
3003,5173,2
842,2716,5
2363,7546,5
3791,373,3
3074,5378,4
2601,3001,4
4198,5691,3
420,6487,1
2597,3024,2
2179,8724,4
1720,6168,5
4786,3312,4
1415,3042,5
2516,3391,5
3570,1178,2
1487,8337,3
4686,2598,3
2961,2868,2
2300,8244,4
1823,1432,4
3493,1172,1
3414,4278,5
1838,2692,5
4330,8728,1
4684,7204,4
4822,7599,5
4914,1760,2
4534,5340,3
348,379,4
2578,2912,2
2354,4645,5
148,4095,2
1095,648,2
2295,7844,2
4645,6668,4
1589,4024,1
4682,4229,5
852,665,5
123,7190,3
2444,8218,5
1883,51,5
3314,5099,3
2745,3124,2
1149,3131,1
926,3131,4
348,8036,1
314,2232,5
3425,2951,4
3659,3158,4
1589,7782,5
4041,5494,4
1302,697,3
1379,7909,1
2175,8295,5
950,6415,5
789,1970,4
3070,569,4
3808,1226,1
2675,3523,4
2959,8776,5
1049,5628,4
3608,6319,1
214,8065,1
1459,7176,2
1928,1542,2
4543,6797,3
2944,3210,3
1208,1823,3
1332,6825,2
4706,1478,4
1708,5286,1
2730,6402,2
2896,4406,4
4397,8330,4
4116,3345,3
2322,6340,2
3703,2440,5
1955,610,5
3021,5550,4
3146,2102,2
2946,945,4
1781,3147,3
1871,5564,4
1858,664,2
2333,2791,5
3147,1942,2
3802,4307,4
1651,4441,4
1318,6940,2
1883,3579,3
610,3369,1
3105,1578,3
4040,434,5
1120,6697,5
2454,8030,4
3085,1684,5
210,213,2
3053,6273,4
2995,1839,2
4034,1446,3
434,464,2
3276,2815,5
4159,440,2
639,7103,4
2158,2286,5
3774,5088,3
1475,8233,1
3076,2892,4
3226,854,3
3384,4328,2
3493,3283,4
3572,669,1
159,435,3
3832,5554,4
1772,6986,5
370,7039,1
1949,6413,4
4222,4229,1
3845,8789,4
3647,8259,4
1059,5076,1
4478,3773,4
795,6437,2
3386,8161,1
2466,2838,3
1709,210,5
2758,3896,5
896,3050,2
4424,8476,3
4735,5129,2
2550,7841,1
3674,8001,1
2468,3912,4
926,1329,3
4009,220,1
1084,6085,1
4312,5580,2
4015,4569,2
3846,894,5
4239,7864,1
4237,2435,3
414,2622,2
2838,3219,2
3225,6053,3
3175,7628,1
994,2426,2
4352,3369,5
4090,6460,2
1103,3980,2
4399,8350,3
3898,7553,5
4603,1684,4
4385,3397,1
3795,3296,5
397,1294,1
4827,7885,3
2524,1690,5
1229,8771,3
3687,8335,1
3222,6675,4
141,2826,1
3330,7143,1
4010,7390,3
4518,2772,1
1551,8575,2
2549,6832,4
597,7235,1
289,2726,3
1226,2350,5
1811,457,2
3811,2850,5
4464,951,2
4571,8770,2
3516,7408,3
2654,7203,5
2074,4415,5
3671,3693,4
3630,2435,1
690,1010,4
4157,764,3
855,4026,2
4424,2465,5
4891,828,3
299,3885,5
3958,7938,3
3916,1829,3
1192,690,3
2150,6611,3
2158,6755,1
3302,7240,4
4958,310,1
604,5717,3
4392,7583,3
3899,1062,4
4249,607,5
2767,2343,3
3585,891,2
925,3419,4
2088,6669,5
242,3151,1
4335,4175,1
2024,6296,4
2639,4732,5
4896,7211,1
4925,7414,5
709,8469,1
2547,663,3
3285,1120,3
2432,7877,2
682,8486,3
920,6184,1
1281,8611,5
2701,4878,4
2390,4946,3
1134,2815,2
759,1290,2
3661,6605,1
3727,36,4
267,6624,1
1378,5771,1
3561,4542,4
4714,3600,2
2797,2714,4
4584,8573,5
3660,835,5
2529,4269,1
3322,2267,2
2238,856,4
1782,8444,1
4845,4672,4
1103,2828,2
546,3855,1
1417,1586,2
1698,4371,1
3181,4834,1
4506,5265,2
2255,6638,3
3165,6190,3
3087,7640,3
2834,2244,3
4643,2584,1
3035,8705,1
1703,1796,5
4637,1768,1
496,8412,2
2364,5163,2
1707,4697,1
4511,979,5
2417,2295,2
98,8301,3
3920,925,4
2110,5964,3
1966,1149,2
4806,7168,4
1794,4867,3
4169,5307,3
338,1404,3
4136,7176,2
1207,5134,4
532,1227,5
1925,3231,2
3552,6293,5
1114,8152,4
4702,1307,5
3288,5566,2
4725,7019,5
4539,6473,2
2160,8030,1
2932,473,3
2902,2516,1
2569,7558,1
2840,8438,2
908,6181,5
1238,8431,2
2716,3368,3
4892,5894,1
1800,904,2
3909,6451,4
4447,3212,1
2869,7784,4
4584,2461,1
2143,5690,3
3872,4442,1
4598,619,3
673,3558,5
657,6366,3
843,5109,1
194,5030,1
75,8025,3
1403,2698,2
1456,5560,2
3203,3833,4
4806,5638,4
4278,2093,4
1403,1894,1
4101,384,5
2847,2781,3
3499,1701,2
2566,2634,3
2841,3965,5
4674,6987,4
2984,2908,2
4843,7583,5
1741,7448,3
4133,1829,5
1729,5638,2
2741,2027,5
4705,8302,2
1112,916,3
4715,8539,3
2318,7043,1
2592,526,5
584,7273,5
1243,4129,4
410,75,3
1617,3594,4
4642,25,1
1267,3090,1
4613,5179,3
820,690,2
3966,3104,4
2832,7492,4
3982,3735,2
4972,4702,3
198,5802,3
3089,1110,5
2083,5844,3
1344,3408,4
4926,5271,1
4285,3671,3
4100,1854,3
4110,785,5
4965,7154,4
1114,6058,1
4026,7438,3
4874,1148,5
623,4968,1
1625,2105,1
653,334,1
4358,8377,2
2583,3670,4
2797,7297,3
4481,3062,1
4985,1949,4
2166,4116,2
892,6651,1
370,1234,2
1705,2129,2
3146,5798,4
4743,731,1
3028,5328,1
3457,6717,4
1440,3243,4
3507,5145,1
2169,2931,5
6,2822,5
4005,4532,1
471,1890,1
1455,7410,1
4318,4311,3
3942,4225,3
3393,6521,4
2861,8752,4
4525,5653,1
1226,8364,3
2869,1195,2
575,3210,2
1526,3241,3
2735,6802,3
4064,4002,5
486,8062,1
1701,4903,1
428,8074,5
1163,5088,5
371,575,5
4723,457,2
3293,1487,2
2658,1179,4
3298,2731,1
2273,362,5
2849,5412,3
949,5376,3
2711,106,5
2312,774,4
921,6200,2
4277,5836,2
3085,8381,1
3792,1345,3
1415,781,5
642,3768,3
47,7318,4
3587,6700,2
1302,5892,4
869,1056,4
387,5823,3
1282,3223,3
3059,2384,3
2121,5182,5
2794,6734,4
379,2754,4
2281,2950,3
2770,245,5
3786,5979,5
3378,6449,4
3929,978,3
4861,3831,4
3011,2649,5
2058,5041,5
310,2136,2
2669,6388,5
1881,762,1
4717,7454,1
4640,7201,2
3469,3170,5
4106,2096,3
4638,6582,2
4601,4818,3
4303,5627,3
4629,6981,5
2463,4523,1
2192,6447,1
3536,3237,3
3487,4854,1
2,885,3
4070,4053,1
3132,3951,5
3744,3553,1
1095,7674,3
4313,3534,1
3175,2869,2
3039,3153,5
1935,8197,4
1113,2496,4
233,5414,1
1667,385,2
1944,6325,1
492,689,2
3322,6515,5
2554,4810,3
3168,527,5
3744,271,3
1288,3334,5
4449,7411,3
3743,501,2
1964,4406,2
3775,2039,4
3295,6757,2
2703,8722,4
2048,7993,1
1265,8773,3
34,29,3
2677,4491,5
4865,2334,5
1320,577,3
3355,7256,5
3883,5853,1
2188,4379,1
4583,7772,3
4878,1957,2
188,4242,4
2548,106,1
3964,2383,4
3861,4042,1
3394,3639,4
3338,3138,3
639,3319,2
179,494,1
2574,1000,4
4512,7837,4
1017,2828,1
2318,3594,5
666,141,5
495,1627,5
861,5828,2
1443,8545,5
1532,299,5
4175,1472,5
1984,93,4
2406,2178,1
3015,8023,3
3194,5938,3
973,2201,3
3436,1367,5
1192,922,2
3977,784,2
2507,5315,1
1275,8101,1
1462,7906,3
2939,5957,2
58,5307,2
1491,3893,2
3149,904,4
3019,3851,4
1251,4894,3
1579,4705,5
491,3903,1
2020,1961,3
4317,4262,3
1746,8439,3
4135,1528,2
1119,4744,1
410,5460,4
2291,6909,5
1913,1946,1
346,3138,3
539,1529,5
832,3029,5
1849,3555,3
4118,2236,1
4773,71,3
420,3214,4
2376,8581,4
1225,3677,3
721,7116,5
3004,1485,4
4530,4307,5
1359,5005,5
1467,3942,1
1593,5401,1
4122,1020,1
4750,3859,3
2131,6667,2
4648,625,4
2795,3442,4
2827,3873,2
2077,7913,1
4954,5927,3
4970,3592,3
625,8597,1
3810,4052,3
1966,697,2
4492,5872,2
2390,5218,5
3298,5984,5
4321,3961,4
2779,924,4
596,4218,4
4897,8158,4
1758,1021,4
450,1097,1
4971,4265,1
942,5327,3
2640,4472,3
4825,7604,1
4731,2669,2
3467,4759,5
794,8310,3
820,6832,2
249,2677,5
2271,4300,1
3607,8576,2
2414,8766,1
1779,4218,5
1285,4746,4
2577,4657,2
2116,3529,2
1264,7825,4
597,7779,3
4717,7990,3
622,6640,1
57,6028,4
3553,2476,3
4681,4622,5
1963,866,1
4436,3825,5
2199,6844,3
75,2349,3
3654,2819,5
39,207,5
574,3346,2
4650,1009,2
2500,3225,4
728,4691,3
3701,5016,3
3153,270,2
1315,6546,2
2920,2118,1
3044,4720,3
2749,1762,4
4397,3860,2
2838,8283,4
2848,8454,3
1059,7156,3
1641,6223,3
1463,8691,1
2412,6020,1
4033,7571,3
3079,7117,2
4285,8517,3
4371,6386,1
4620,6739,1
1383,7096,5
596,1504,5
4390,6904,4
1911,306,2
3098,3308,1
2291,2276,3
2197,3234,3
2547,2372,5
2004,6536,5
1375,1277,5
4841,4556,1
4728,3014,3
149,5496,3
395,3964,1
1303,6119,5
2717,6137,1
3507,3653,5
4722,7179,5
2960,5012,5
2094,1257,4
2467,4356,1
874,6659,3
3459,6439,4
4729,4352,1
4404,161,5
748,7126,5
3410,5815,4
4048,2497,2
2741,1805,5
3813,7763,3
4663,4317,2
1145,519,4
128,1148,1
3652,4446,4
3679,8078,4
4898,6234,4
558,2243,3
1637,4189,5
3012,7378,2
2511,3193,4
4078,516,2
250,3952,4
385,2076,5
1583,743,4
4513,1811,4
1049,4101,3
1419,3711,5
513,5386,2
3580,6619,3
1827,4386,2
1668,3351,3
3345,8069,3
4717,7034,2
3022,4551,4
1609,4934,5
4089,5930,3
2778,1217,1
2841,1629,4
4866,660,1
3976,3769,3
1504,6339,1
1894,5615,3
2468,5280,4
4861,6948,1
2427,7598,3
826,5421,1
4525,5117,2
4694,4455,4
3223,4799,2
2,8497,4
2136,3636,4
3141,636,2
629,3992,5
4467,4434,1
1872,6201,3
3623,2190,4
2480,2411,3
1951,5250,3
3050,6539,1
1047,5395,1
1446,7434,1
1783,7961,5
4914,4425,4
618,267,4
2057,914,1
4849,2871,3
222,7916,2
4738,2566,1
3651,4607,3
1301,6345,3
4688,7786,5
35,4775,3
4008,1559,1
1131,4112,4
322,4755,1
552,596,4
261,5676,2
102,8574,5
3084,327,1
2108,518,1
3572,3732,4
3544,5484,3
747,4129,1
127,1856,5
26,7029,5
4764,4313,1
3055,3908,3
3636,6297,3
1427,6360,4
3911,4873,5
1944,24,3
261,1544,4
2303,2624,1
1006,3204,3
3943,1905,2
4764,1124,4
1099,3361,3
2715,7476,5
929,4918,2
2190,7050,1
4839,6390,1
3589,2701,3
3467,130,1
475,6073,5
1219,320,4
4999,1967,5
840,5007,5
4175,1861,2
4225,608,5
2482,7448,5
4638,6732,4
2725,1087,3
1063,8420,1
778,4891,5
4282,1513,2
144,1885,3
3032,3123,2
956,4479,1
2818,6491,2
197,7482,2
4724,7884,2
2588,2435,4
595,909,5
2997,7553,1
2086,4247,2
2113,1233,3
4951,232,3
3910,811,4
1457,4142,4
1017,6872,5
75,1000,3
103,7717,1
2021,1851,4
4105,5302,5
2986,8358,5
4948,387,1
4397,7530,1
4303,6280,2
3762,7673,4
989,7864,4
508,3010,4
3077,7405,3
4352,5504,5
415,8407,2
4960,6460,4
219,3770,1
4700,4101,5
2000,66,3
2761,8400,5
2211,4725,5
3078,5001,4
3531,2243,5
3604,3578,2
2824,2776,1
2421,8341,2
4261,8517,5
4666,5522,4
3547,3480,5
2741,8803,1
4148,8465,5
2256,791,4
3513,4836,3
4845,6256,4
4287,2596,4
4236,421,2
1277,6570,1
2708,4187,5
660,2498,2
4847,1435,2
1146,6063,2
2820,5272,1
4964,7786,4
4233,308,5
4511,4014,1
4600,5821,2
4031,3905,2
4037,1580,4
3395,6697,3
3719,1664,2
3768,2375,2
425,6885,2
811,5945,4
2384,4222,2
825,2412,1
1134,1278,1
87,199,3
1225,4283,1
1434,6215,4
4680,7980,5
3453,1822,2
4028,2253,1
3319,4898,2
2853,2665,1
2299,4990,3
2300,2276,4
2455,1076,5
4858,8144,3
1690,892,1
2664,7384,1
4362,6435,3
509,3162,3
2780,324,4
818,688,4
2850,3935,2
4226,2192,5
1006,1998,5
3265,7375,3
3935,7906,1
3713,1714,3
4850,2306,1
1544,3537,4
3913,6244,5
1772,641,5
3475,1471,2
3476,1270,2
280,2404,3
4605,3229,5
870,2442,3
2374,510,4
1996,1722,2
457,5325,3
1515,5919,2
539,2681,2
2434,2886,2
1874,439,1
3802,5437,5
108,3176,1
747,390,2
1606,5310,4
725,6352,3
696,6937,2
1170,187,4
1842,5395,2
3895,4993,3
3888,1528,2
3332,5068,1
3015,8416,1
4513,507,3
294,2045,4
4799,4412,4
1171,4122,1
2450,1734,1
15,3357,2
3200,3355,5
2074,4261,2
3481,2668,3
2710,1057,5
1350,2546,1
4539,6820,2
565,8244,3
1544,1257,1
3335,670,1
1492,7986,3
1251,7691,3
2619,3221,1
2442,6160,1
1398,8250,1
220,306,2
108,1189,4
4385,8477,1
1319,8270,2
1601,6366,5
1574,6923,1
4730,2492,1
3960,1535,2
1554,8202,3
2766,1661,1
2483,2409,1
2865,6451,5
1532,988,2
842,6807,5
1664,7501,3
1605,4166,3
1386,4234,2
622,7814,1
3383,4295,4
2196,3120,1
3905,6352,4
345,5127,2
1029,5001,2
635,7326,1
1045,603,1
2900,86,1
967,8026,5
4023,1084,4
2927,5799,4
4456,436,4
112,7214,4
3035,113,5
3685,280,3
170,2601,1
2680,2115,1
1687,3721,4
1631,7805,3
2057,769,4
612,4952,2
1479,7558,2
3482,3445,2
2737,5091,5
1188,8765,2
2230,1845,1
4279,3619,5
303,3325,4
3835,6673,4
3479,7018,5
4407,5175,4
4182,726,4
1952,6705,1
2429,4658,5
608,2403,2
574,5134,3
207,3741,2
327,6321,5
94,8509,3
621,471,3
2452,8551,3
4922,6076,5
3844,7095,1
418,8169,3
407,4529,4
2643,5900,5
378,3328,5
3133,2463,3
2708,2957,5
3978,3754,5
2499,195,5
3755,3012,5
4086,7133,5
4523,8435,4
4301,4663,5
3680,2662,3
270,1663,5
4915,1411,1
205,6264,1
3989,1301,3
1242,2518,5
4022,8804,1
3745,5323,3
4394,7486,1
2670,3614,2
1905,5820,2
1798,6137,5
3427,2383,2
1935,7379,5
1761,833,4
1341,3506,3
4177,1138,3
1700,5629,1
1680,7452,1
3374,1351,1
783,6427,2
2379,2484,2
4704,420,2
4425,5622,4
2251,2337,3
1249,816,2
3860,7861,2
4142,6931,5
1011,6738,1
2013,364,3
4148,4795,5
1512,5476,4
1077,1987,5
4735,3905,4
4637,2521,4
1657,3231,3
3227,8291,1
2419,7752,5
3659,3035,2
4308,2060,4
2485,8283,5
4047,7692,5
4248,3004,5
4245,7959,2
202,4037,5
84,6547,5
3377,3958,1
2335,7464,2
198,8750,1
869,1747,3
1310,787,4
4817,5075,5
2839,2302,5
4732,5753,1
1528,6152,5
705,227,3
4856,1295,1
3926,8121,1
2922,7931,5
3511,1171,1
3062,6543,5
923,5080,1
878,1993,3
199,3025,5
1473,3523,1
4040,3379,2
3021,4329,4
3302,476,4
4502,2468,1
1971,3446,4
3357,6363,3
4342,6453,4
3597,3974,2
864,2896,2
4416,8073,3
3638,6069,2
4645,4203,2
2236,4167,2
2622,3241,3
624,6155,2
2226,3001,2
2188,254,1
4974,5108,2
3351,6235,4
1900,2379,4
2873,8607,1
1064,6886,4
1350,4235,2
2586,4152,3
2136,8109,1
1356,5274,4
4477,5040,1
2973,2266,4
4215,263,3
3004,7340,1
3001,6127,5
973,8598,1
1942,6486,3
4496,3513,4
1934,3350,2
3141,1543,5
1756,6037,4
2569,4766,1
2590,6384,1
1488,6678,2
3702,112,1
388,3506,3
1052,4035,1
3994,7870,4
2032,3544,5
652,8359,5
3969,3446,2
1318,5156,3
4283,7780,4
2041,122,1
1485,730,4
4544,4184,4
3847,6139,4
332,1541,5
640,4155,4
2416,5561,5
676,2200,4
866,3629,2
3562,5873,2
1859,394,5
250,7460,1
7,7492,5
3438,6885,5
256,4053,4
751,6797,3
208,2142,4
3585,7053,4
4271,6339,3
850,8444,2
3412,4722,3
849,1103,1
2054,4507,5
4499,4819,2
3640,8201,4
4560,1989,3
1593,1438,3
4331,6113,3
107,8475,3
4281,6406,3
1905,1107,1
3113,7067,5
1179,7114,4
599,5862,4
4180,319,5
235,5063,1
1350,3879,1
480,5692,2
2804,7070,3
3480,6644,4
3779,4845,1
595,1274,4
1311,8016,3
4318,851,2
4971,5426,5
323,5663,3
3160,8531,4
3892,1139,5
353,964,3
2846,7015,3
2679,1475,5
72,8163,4
3963,8618,2
3997,3052,1
2087,7504,5
3668,4228,1
2691,7679,5
4821,2531,4
1405,1794,4
4350,8771,2
1195,5917,5
1060,4291,3
4230,1964,3
1917,2006,1
4688,3027,1
104,473,4
580,1631,5
641,5334,3
4928,2395,1
2997,298,2
1442,6440,5
4105,4241,2
3522,3076,2
4060,3258,3
3367,6647,3
1914,6339,3
1830,2092,5
1329,6939,2
2385,2933,5
405,7779,1
4013,4819,3
4547,7245,3
2975,457,5
3916,7645,5
1780,7887,5
261,5362,3
1901,1307,2
1813,3752,1
767,2649,5
762,395,5
3079,1801,2
1964,8711,3
2412,3710,4
4425,7359,4
74,2837,3
465,6248,2
408,3453,4
550,1294,2
2473,5085,1
3823,8082,2
3248,269,3
755,451,3
1585,4269,4
2097,592,4
960,4613,3
883,7933,5
2520,850,1
4190,2478,4
417,6054,4
746,928,3
866,5176,3
3809,5299,3
2993,6919,2
4964,620,1
4050,6839,2
621,4245,2
1763,38,2
4651,2215,3
887,5887,3
3722,7018,3
750,692,5
1165,6460,1
2727,4494,4
3674,547,4
4519,548,4
4705,6656,3
524,7523,4
1656,2179,2
2863,6262,2
1402,4935,3
2663,330,5
2867,4660,1
2657,5880,1
3030,6250,5
2497,6064,5
2760,1095,1
138,8448,5
931,98,4
3164,8264,3
2628,8247,2
557,4243,4
1955,6255,3
2391,7141,3
4453,8705,5
1217,2341,2
3642,5882,4
781,5356,2
4205,5578,5
1729,130,3
2343,8356,2
221,7264,1
251,2766,5
2325,7794,4
3857,535,2
4,2401,1
2235,3578,1
851,1036,4
873,3897,3
527,7567,1
4994,6764,3
1844,1939,2
4348,514,4
3434,8556,3
2922,7700,2
2392,5781,1
3735,3562,4
1128,6102,3
928,6241,2
2836,5553,4
433,6375,5
2299,8348,3
3541,786,4
379,3462,1
4579,6776,3
2596,1739,2
244,2580,4
4933,7538,3
3763,4165,1
4217,8101,3
3391,4611,3
1177,8007,5
3657,7507,1
3723,8092,4
1797,3296,3
1843,1761,2
851,2946,4
4859,6103,5
1806,3888,1
4515,1798,5
4876,352,4
4691,6031,5
2018,6639,4
4414,7161,4
2286,6593,2
4356,2869,2
973,1213,2
2954,6238,2
2418,8217,2
2194,200,2
3275,1769,3
4998,8012,4
4976,1873,4
2648,4980,2
4325,3683,2
1188,2561,1
758,2773,4
3366,8430,5
4807,5954,5
4232,444,3
1051,7715,3
4827,5930,5
456,4322,2
2683,2686,1
4205,2860,4
437,4364,2
3671,1386,5
1381,7490,5
1415,5734,5
4510,390,5
2170,4419,3
114,2357,3
832,8296,5
2301,8459,4
3848,2583,3
3887,1524,2
1716,2536,5
2364,6092,3
657,570,5
1547,3478,1
3988,4794,4
3728,2775,2
4265,1485,2
1471,2790,3
1942,326,3
3983,5562,1
2270,6166,2
3236,888,2
3932,602,2
2069,290,4
3113,1265,4
3920,1619,5
787,1369,2
3835,4313,1
2799,2850,1
2033,6607,3
3214,6923,1
2208,2290,5
425,1458,5
119,7474,5
4870,3409,2
2360,7164,3
1135,3807,4
1770,1786,4
3349,8499,3
3234,4160,3
2715,3867,5
3977,2271,4
1731,4681,3
1125,3056,1
445,662,5
1126,3443,5
3785,8392,1
2367,1031,5
1904,7431,2
4564,4678,2
568,2844,2
1559,5541,3
2549,1427,1
1949,8031,2
2895,484,5
4310,5388,5
3462,1833,1
1953,5950,2
2758,7077,4
2527,4271,4
4059,7087,1
4256,6984,1
3691,2786,1
2439,5638,1
2152,8222,3
2738,1034,1
531,8090,5
3520,2170,5
3825,4590,3
461,3632,2
2372,8705,3
4419,6598,2
2996,4788,4
4135,3746,1
363,8018,5
1557,1445,4
3033,2854,4
1175,7799,5
2204,450,2
4810,1953,2
3493,1216,4
1686,5999,5
215,5636,5
2307,3588,4
1514,1908,1
1752,6454,5
3250,5534,3
1559,912,3
3229,44,3
614,8003,5
2279,8348,1
3296,5614,4
2517,8660,1
3303,6628,5
528,629,2
265,5714,5
1855,8584,2
1077,2324,5
2532,6085,2
593,479,3
3488,6420,5
2713,4675,1
3174,6482,3
2846,3517,1
4196,1449,4
4943,6000,5
3669,8332,5
822,747,1
2091,6601,4
970,5314,5
4681,651,1
1304,2677,4
4599,910,3
64,1549,2
738,108,2
3793,7287,3
768,1411,2
929,213,2
2266,6845,5
3202,6341,3
3127,1113,4
4663,116,4
3742,7521,2
3220,5892,2
1882,844,3
1816,3880,3
2935,5040,2
3390,310,5
4782,1033,4
2291,8797,3
3554,8803,5
950,8730,2
1479,3637,4
4177,1189,4
3636,6779,3
1072,8763,4
2437,2772,2
4379,8466,2
228,1671,1
2926,1435,4
158,5865,2
899,1448,1
2284,939,4
4489,2661,5
2669,4477,2
1213,535,2
2353,6800,4
4536,5439,5
4887,1218,5
2684,559,3
4178,6290,4
3700,4824,1
2199,7788,5
3732,7731,5
3453,5390,3
1621,4701,1
2780,6823,4
333,2914,4
1576,5759,3
3759,454,5
494,2798,4
3187,2750,2
4357,3168,4
3425,6976,4
4793,6996,2
3926,2135,5
1110,499,5
2135,1091,3
3018,2142,4
2504,394,4
2531,3728,1
1656,2373,4
839,7784,1
2311,3862,5
232,2398,2
2475,7375,2
4895,688,3
4636,7961,5
2154,5166,2
4018,1712,5
2884,1481,2
1157,1989,4
1413,6714,4
189,6775,4
4230,8388,4
1123,2097,2
2149,5032,1
3710,1703,2
2791,6332,2
4944,3843,5
3685,7087,2
1306,4840,2
1400,7667,4
185,5768,2
3311,7838,2
207,6692,2
2870,1463,4
2660,3669,1
1205,5802,2
3728,186,1
3326,1937,3
4779,8169,5
2740,2589,4
3498,5480,1
2508,8636,1
1673,2863,2
600,7346,1
1569,2254,5
4583,8036,5
4691,4066,3
34,195,5
4653,3984,4
2959,8798,3
3625,3445,2
1051,3693,3
4835,412,4
735,8112,2
1884,8539,4
1993,2933,4
907,8402,3
1373,1123,3
633,5214,2
4387,7137,5
1119,6192,5
3595,2245,4
2192,1332,1
828,4724,5
8,7632,5
1222,2254,3
4000,5741,4
4171,6491,3
1183,4948,1
2789,2689,1
3252,4376,5
617,1087,2
3316,1552,1
775,4705,3
3917,1762,4
4682,3978,3
1260,6010,1
1928,3047,5
57,4137,4
3219,6292,5
1555,4814,2
3638,6891,2
2853,1424,2
1346,3587,1
4714,5746,3
1936,7794,3
4547,6571,3
2654,5458,5
982,5444,5
315,4173,2
3597,7625,5
3700,8300,3
748,806,2
342,3587,2
1362,7893,3
3801,2330,5
4908,8697,5
3468,942,1
4279,8475,1
3829,7980,4
4304,2848,4
4708,5706,3
4352,5227,1
4834,1973,5
265,5230,4
4687,3638,2
2013,7132,1
1689,450,4
3987,7855,4
4388,6419,4
1766,2866,5
1890,180,3
1804,1069,3
508,2531,5
3801,5221,2
2629,793,2
778,4537,4
1456,5280,5
329,5961,5
2182,4523,1
2991,5399,5
2514,8540,3
4925,6402,2
2594,1549,2
1543,2121,3
950,8727,5
385,3385,4
2713,7134,4
4298,734,5
690,3852,5
301,298,2
4703,6831,5
379,1157,1
4873,1672,2
132,3002,3
372,8624,2
4338,6977,1
4412,4104,2
3331,4263,4
3423,7918,2
161,1432,1
1428,934,5
4601,7948,2
4446,7507,3
1618,3480,1
2803,6061,2
652,3721,2
3465,8033,3
3709,1321,3
3595,4204,4
1282,3312,1
2407,1758,2
4864,4074,3
2178,3063,3
4523,105,2
325,3694,4
4836,7671,5
767,304,2
95,2506,1
672,2885,4
4706,4838,5
976,4821,3
4492,7152,2
2937,2906,1
3200,3036,1
2857,1428,4
324,1472,5
1086,4446,3
173,5774,4
3411,5441,4
4320,4358,2
4557,2209,4
1602,96,1
2841,4650,4
2769,3003,3
3932,2791,1
4089,73,2
2690,8432,3
1912,1206,2
4604,6636,4
4326,3862,3
3939,7977,5
620,646,4
208,5481,4
3664,2086,1
423,5330,1
3771,3081,2
636,7012,1
2667,8469,3
3015,7108,5
4658,7273,5
86,8236,4
1743,283,4
4668,4758,4
4422,5013,2
865,7484,5
4199,4124,1
130,3251,1
3725,7646,1
3924,7909,4
1093,6469,5
915,6655,1
4770,2533,4
3752,8411,1
3743,1140,5
3755,886,2
3337,22,2
4238,5704,5
2226,3692,3
383,1738,4
2474,1089,2
1160,2544,3
1131,4445,3
962,1197,2
289,7419,1
3321,3556,1
338,1817,1
2721,6931,1
524,8775,2
998,6660,5
3346,622,1
745,4654,4
3472,6245,3
2387,7481,5
2421,8580,4
2209,3136,5
1897,3007,1
3175,2462,4
1892,8241,1
1872,2916,5
234,3950,2
4498,3828,1
3290,3301,2
2504,6117,1
1739,1675,4
2206,7377,3
767,3434,2
454,5177,2
956,572,1
1531,2150,3
3629,4028,4
2961,6465,2
1868,8061,3
901,7876,1
2591,5082,1
1914,2229,3
3003,3393,5
4977,8397,3
1207,8715,1
4754,8488,2
3232,7470,4
4206,5466,5
1975,378,1
4782,8695,4
4613,2881,1
1655,6401,5
912,6377,2
2170,3388,3
3960,6749,3
3016,2620,4
142,6847,3
2650,80,2
2162,6041,1
286,1743,2
4758,4147,5
4202,5597,4
3672,5050,4
4779,5042,1
2533,1142,1
599,6192,2
2793,8272,3
288,5849,5
767,3853,5
2224,5772,3
4836,2095,3
3098,1814,4
4884,6608,3
1212,1473,3
2383,7837,1
1300,3874,5
4885,6906,3
824,5685,4
4922,6417,5
446,6266,5
2416,4142,1
1290,6202,2
2358,8387,3
3444,6361,2
386,2661,1
2261,5305,3
3919,813,4
4687,4377,2
4787,7190,5
1604,4990,5
2349,7773,5
2115,4651,2
2265,2372,1
1961,7121,4
2502,7492,3
2462,2799,5
4094,259,5
421,2160,5
3777,678,2
2941,5421,5
967,1321,4
537,8674,5
4143,1473,5
4929,8361,4
3270,5185,2
1837,1635,1
769,5772,4
678,3031,5
167,296,2
2679,5550,4
1694,7522,1
1635,3671,5
3513,6266,4
136,2589,1
4171,5929,5
1238,6148,4
3950,5587,4
2897,5374,5
1952,5873,4
2081,7883,3
1530,7484,4
1531,8245,4
3310,1747,5
3135,5984,1
2335,5120,1
1114,213,3
3137,5905,5
4692,256,4
4965,426,1
1010,8566,1
2257,5620,2
1458,1907,3
1666,4464,1
3843,7211,3
4821,6653,3
680,8484,4
3667,2410,5
2875,1863,2
1665,5786,4
4229,6846,5
1794,3773,3
3304,6220,1
3927,741,2
1301,907,3
2005,3483,1
2616,1390,2
4673,2557,2
308,3634,3
3649,3455,3
3428,425,2
4498,6450,5
2671,4891,5
4835,4945,1
4378,565,5
2854,7410,2
4871,6150,5
3578,1801,2
3876,7004,1
2571,4539,1
2626,2373,2
281,4180,3
4821,1814,2
2147,8522,2
1107,1886,2
1674,8398,4
2117,2397,2
2968,5341,3
3015,8016,1
898,4125,4
3797,1046,1
3980,3001,1
1487,189,4
2211,3732,4
4103,6738,1
4701,3861,1
1990,1682,4
768,7969,1
2085,1534,5
1617,51,1
1921,1662,4
4074,2591,2
4721,8065,3
2393,7071,5
4794,765,3
640,7146,1
1356,1624,5
2293,7391,2
1614,8290,1
1943,2231,1
1330,5656,4
2339,4055,3
3827,7467,4
137,1282,2
2885,4495,1
550,8384,3
3193,6269,2
1291,1569,5
4260,1342,1
2015,1569,1
544,3152,3
3051,551,4
2059,5238,4
1318,3042,1
1299,4869,2
1773,8347,5
4676,5343,2
2552,381,4
4909,442,2
575,5405,2
2856,6358,4
651,2113,2
435,3564,4
3927,2795,4
4705,676,4
1297,2829,3
4518,6384,5
3046,4014,3
2228,8134,4
4484,3253,3
2766,5671,4
2416,4430,2
494,1058,4
3654,1363,3
4634,6518,2
2534,1339,5
4415,3334,3
699,2387,1
1042,7706,1
569,214,5
1190,7630,3
1907,1590,2
3477,2602,4
213,7912,4
4656,5658,3
4052,4154,2
646,7466,2
2980,1388,3
4223,7262,2
1768,6906,1
4423,5339,1
2443,7988,4
3953,4548,2
2904,1517,3
4248,4326,1
2100,74,5
2211,1139,5
1029,2465,2
1411,8249,1
4986,8727,2
1037,3579,4
2841,4475,1
2592,3402,3
1338,7272,5
4641,7591,5
2511,7092,2
1576,1015,4
278,6842,2
424,5371,2
2146,3593,1
395,584,3
4070,7220,2
3339,1712,1
4636,7710,1
878,2009,5
596,4557,5
2012,4978,5
19,3401,4
2447,7374,1
3552,530,4
1141,7151,3
3078,5721,4
5,4261,2
4751,4613,1
3031,4056,2
4179,2699,2
3832,1235,1
4110,1946,4
2505,1229,4
2306,8138,2
4778,1766,2
418,4610,1
4549,6982,4
4791,2671,3
4537,6668,5
1241,7708,3
3948,1534,5
2698,6381,5
1867,5413,5
2782,2146,1
985,420,1
2632,7983,3
4754,8609,5
995,4817,2
884,7198,2
3039,3369,1
791,2516,4
3045,1264,1
2891,5417,1
2021,4856,4
93,232,3
1284,8348,5
3687,4765,3
1536,3060,5
408,8348,1
3951,7041,3
3602,3703,4
4359,8354,5
4043,5894,1
1250,6404,3
2013,1417,3
414,3311,4
4411,1050,2
4496,300,5
1429,5110,2
4542,3606,4
3671,1002,1
1008,430,1
3042,9,2
1149,6068,5
667,2655,3
4553,8243,5
2950,1097,5
4014,6098,1
4563,7130,2
1526,3409,4
3736,2211,3
686,6021,5
3931,6065,3
1475,8498,4
2843,15,2
3934,7916,3
4756,2320,3
910,6269,3
955,6601,4
1593,6256,1
3722,7808,3
1183,6879,2
2182,1936,3
4909,4540,4
741,1570,5
1058,4548,1
2767,1812,2
2047,2023,2
4777,8159,3
1031,8630,4
4482,3235,4
4823,4031,5
3764,2718,4
4138,164,1
1951,2095,2
4969,4724,4
4207,2920,3
1465,3160,3
363,4924,3
4548,4445,1
1170,3091,3
4485,8661,1
2897,1171,5
570,7422,3
2958,6555,1
1055,1858,5
1491,2401,3
641,601,1
703,5274,1
1658,7264,2
4624,3695,2
997,2454,1
4868,478,5
3795,2175,4
2624,6033,5
2179,4465,5
3301,6781,3
2580,7710,1
4670,7613,4
1737,249,2
3738,4848,5
120,7385,3
1645,5363,5
4034,6451,2
659,2022,1
3035,5971,3
4957,2517,3
500,6641,3
197,6899,2
2010,2492,5
2384,6718,1
2512,3546,1
3532,4573,3
4006,3207,3
4099,3770,4
3108,3849,3
4712,3062,4
4320,5396,2
3091,3832,2
3193,4117,4
3431,2170,2
3305,3012,4
3921,7332,2
4830,3802,3
99,1529,3
3233,3784,1
4551,2025,1
2933,3985,3
1826,1566,1
459,2524,5
488,5352,5
481,1201,5
1891,4840,2
2381,446,5
3590,3609,2
3017,2652,2
2563,4508,2
621,6722,3
1957,8287,3
3807,3831,2
148,1670,5
1033,4015,3
4930,3414,2
3989,5286,5
149,5142,3
204,6127,4
3452,4651,4
3912,4382,5
2107,2948,2
4256,5107,1
1845,7287,5
654,7378,2
924,1073,1
1498,4935,1
3606,6190,1
3307,745,3
4488,764,5
2474,6792,1
1714,7262,4
1153,3443,1
2850,3687,2
4543,6397,5
4989,2491,4
1038,4214,3
3813,2274,5
4765,7245,4
1088,6938,4
319,7152,3
4859,8686,3
1501,6408,3
1481,3849,5
1152,40,1
561,3959,3
3245,1986,2
1252,8525,1
647,2260,2
3175,123,3
2730,4609,3
2807,3319,3
4456,7114,3
3316,5070,3
4900,7539,5
4195,5517,5
396,8250,1
2863,1778,4
1656,5603,2
1698,4096,4
3618,3788,5
3381,3924,5
3366,4013,2
659,3222,4
1379,3028,5
1763,1325,3
3270,2469,1
279,903,2
400,6000,5
3993,1385,3
956,6871,1
3091,377,5
800,3314,3
4400,4801,5
1704,4661,5
777,590,2
2636,6843,3
4431,8715,5
3685,1479,3
299,858,3
1498,2877,2
2182,1168,5
489,641,4
595,190,4
1484,6282,3
3407,4271,4
3532,8561,3
3685,801,2
833,4132,4
4039,7807,3
2048,2184,1
4843,1764,5
2095,8792,1
983,6746,3
3338,1904,5
2948,3833,3
1009,1885,5
1098,7391,5
1394,5042,3
4979,4072,4
3211,1668,2
2364,1225,4
2627,2040,3
4882,7378,2
4225,1921,2
4799,3588,1
3038,7301,4
1431,8539,1
1646,483,5
4499,3690,2
1637,7645,1
1883,1789,3
1426,7344,4
1632,6916,4
1526,5932,3
221,6953,2
2156,5671,4
2625,5046,4
3201,7515,2
1031,1923,4
2632,5383,4
2200,4191,2
3938,3801,3
2960,857,5
1936,5846,2
2877,2170,3
4475,1131,3
4858,1916,5
2279,5973,4
25,510,1
2417,1133,5
484,6580,5
3625,1031,1
3680,6594,2
2259,1942,3
1235,8751,5
3603,3336,1
3197,1658,4
2308,7378,2
846,7577,2
2333,1972,3
116,4625,5
2140,8765,4
736,5558,4
3273,8580,4
395,3113,3
3927,6335,2
1106,6731,5
4061,355,2
4680,8003,3
115,3437,2
2281,2495,2
212,7271,2
1003,7694,5
445,7739,3
4359,2083,3
1383,2641,1
292,7034,2
2277,4097,5
4802,6248,5
3183,1264,4
746,8004,3
4432,1135,1
1311,2130,4
1954,4094,1
3657,1895,5
2657,7852,2
53,4305,2
1465,7192,3
4605,264,4
3837,3787,1
4327,1644,1
3131,894,1
1218,826,4
3301,2938,1
2141,531,4
4499,8061,5
2900,368,5
118,1295,5
4603,2223,4
860,2570,1
4011,5468,5
1883,6041,5
2459,2037,4
430,1376,3
2564,6564,2
4483,7594,2
3734,4394,4
2055,3102,2
3758,5948,5
4373,2077,4
4317,5995,2
3605,4332,3
795,5658,3
605,6501,4
833,486,1
4644,7189,4
2708,301,3
4437,4666,4
4303,5949,1
2355,3913,3
3368,8747,1
4523,8350,4
1853,5362,4
517,7695,4
3675,2014,4
830,6637,5
3419,2850,2
4468,5461,4
4619,6132,5
4005,2382,2
3752,3641,3
680,2590,2
791,4567,3
1404,4006,2
4553,1125,4
1400,5171,4
2686,7787,4
4705,236,1
2806,653,2
2051,6796,1
2541,638,5
4513,5006,1
3929,3124,4
4018,6522,2
281,5283,3
4618,7492,4
1576,5070,2
583,125,2
1011,1009,1
2592,1129,3
2071,8775,2
27,6125,3
793,437,4
4783,303,2
1257,3622,3
3931,442,1
4245,6983,3
789,5932,1
4155,8549,4
2723,7559,5
304,6770,3
3929,1176,4
3194,42,4
1189,4365,3
2530,7537,2
4832,2895,3
3767,8609,5
1817,7030,4
3368,2443,4
2491,5715,5
1213,7210,5
1020,8720,2
1251,7644,3
3630,5428,3
22,1274,2
3601,2553,2
4739,3939,2
681,8101,2
2146,4506,2
1669,6924,4
922,5037,3
1366,6985,2
713,5974,3
2012,1107,5
840,6625,2
495,7257,3
1424,2831,3
3988,5594,2
1081,4378,3
1779,7611,1
153,4217,3
1714,1925,5
47,5406,5
2795,5034,3
2812,1341,4
2918,6345,3
1990,605,4
1499,1884,4
4433,1483,1
3848,515,3
1933,7793,4
1006,4686,5
3414,7244,2
3380,7102,1
4320,6107,4
9,629,2
2587,1774,4
4142,8736,3
652,1392,4
762,5417,2
4657,7284,5
2335,5553,1
2367,7365,3
1467,2927,1
4084,1778,3
4195,3844,2
4548,2305,2
1969,6064,1
1876,6097,4
2839,6347,3
613,2417,5
4726,5683,5
429,3011,2
1518,7186,1
2513,6575,4
1411,1566,5
1514,5957,5
1448,4388,3
2152,4414,4
4961,8724,3
4947,3234,1
4164,3717,2
539,6937,1
4095,4584,1
398,8742,5
1977,5538,4
4731,3593,1
3663,7673,4
2699,2078,1
4834,7434,2
2677,4650,2
1346,6807,5
958,2684,5
1075,3055,1
4675,5834,5
4658,5306,2
3966,4963,5
4859,7055,2
4720,1910,4
4333,8802,3
2472,6275,3
3267,1366,2
1629,7684,2
3676,7795,2
1512,2837,4
4433,2938,2
4169,6061,3
3240,5645,3
1769,7932,1
2544,7459,2
3459,3082,1
3214,3352,3
4158,3439,3
1982,1636,3
1373,7348,3
4712,8051,5
430,6326,4
3292,7625,2
545,1670,4
2205,2190,5
1886,7027,2
2785,8301,2
1889,3343,4
4666,5465,4
4015,3875,5
1007,3102,4
982,7551,2
4885,4033,5
1400,7446,5
2977,7907,1
3324,2671,3
4855,3508,2
1278,4707,2
2310,250,4
4742,6298,4
1593,7676,4
561,3387,4
3452,6468,2
4771,2727,1
2476,2166,1
1578,4269,1
2929,3039,4
1368,5963,1
3744,2851,1
211,6051,4
2350,2258,4
3159,7617,3
534,3674,5
963,1317,4
2643,2510,4
2051,266,1
4617,2107,1
4320,4447,3
4926,3442,4
2801,165,3
3509,7260,2
196,1533,3
2756,899,1
3118,5699,3
329,6217,2
648,8022,1
2367,2745,3
2160,8411,2
1423,3654,4
5000,2613,4
4401,7262,3
310,6257,4
1172,4709,3
440,2735,1
602,7778,1
2550,4288,1
3654,1989,2
3679,6144,5
1950,8480,5
4780,2050,3
3037,7528,1
1875,5237,3
1198,2564,1
325,8123,5
2004,2876,4
4987,4974,5
4708,7121,5
3194,8523,3
1548,772,5
1062,5828,5
3573,7945,3
3665,3989,3
342,5758,5
1797,2635,5
1583,3235,1
3106,6985,1
3088,7306,3
3396,166,4
1036,676,1
3644,6903,3
1549,5709,5
2802,229,3
4569,2267,3
2932,6881,5
1053,4922,2
3587,80,3
4151,4375,5
183,8255,1
2073,6324,5
2077,1845,5
3677,4997,5
2747,6645,1
2851,1778,2
4006,4790,4
4531,3873,4
1860,7544,5
1510,8334,4
4428,4307,4
3245,8670,5
395,6540,2
672,2823,5
1234,4787,4
574,5326,3
3658,3845,2
2751,6340,1
837,5542,4
3353,2370,1
2527,5054,1
2785,1158,4
3980,109,5
4649,7818,3
3099,310,3
60,6448,1
3776,5091,5
3219,5916,2
4328,2813,3
1730,8556,3
3537,4898,5
3026,7037,4
4192,1537,5
1704,5326,4
2211,5664,5
2120,1899,5
2992,5486,5
2648,5629,5
1252,3719,5
71,5588,4
3073,7193,3
3289,8175,5
198,6174,1
2190,4592,5
1518,3723,3
2073,2683,2
3542,1842,1
216,5557,1
3576,2361,1
2332,2689,4
4956,2979,2
103,4201,1
4713,5813,2
3540,4507,2
4491,4696,3
2167,1053,3
601,3180,5
4398,5980,5
442,5256,5
4735,656,2
2556,7616,4
928,1192,2
353,1709,3
1067,6379,2
3751,4656,1
4210,4704,4
2994,3128,3
683,6736,3
4156,278,2
4367,6218,5
1028,8332,2
3582,8075,4
4860,5285,2
3275,1412,1
2803,5134,5
2055,7706,5
4926,5336,5
2154,986,3
44,4761,4
3320,3873,1
2433,229,2
1516,5188,5
1726,6881,3
2382,1532,2
4372,161,4
2111,7978,1
1112,7230,4
231,411,1
4975,8185,3
1160,2719,4
2013,6482,2
3276,8581,5
2250,3691,4
97,2287,5
4288,1915,3
4628,2356,5
3917,1665,1
3193,4883,3
3169,856,3
4685,6091,1
1844,8456,4
3595,8079,4
4072,174,4
3571,5235,1
3214,3730,1
1976,1437,1
2285,6582,5
207,6083,5
4448,4196,5
954,7813,5
3128,5853,5
4979,4402,1
1693,4511,2
1389,4215,4
434,3676,4
2528,3324,3
4503,8744,4
2415,1444,4
505,1810,3
1763,4758,2
734,1532,2
4108,6132,4
3244,8579,4
1050,4252,1
4458,2953,1
589,7065,4
1153,877,3
1724,1136,4
4817,3707,2
2964,674,5
4536,6712,5
3079,792,2
173,4711,1
2630,2543,5
4951,4383,1
2079,6014,3
1756,501,4
4898,4035,1
2156,1768,2
4229,3971,5
3429,2635,5
407,5884,3
2560,2412,5
1549,8737,1
916,6405,4
3472,3410,4
1089,4430,5
3452,1984,1
187,438,5
654,5126,5
4647,5978,5
4217,4005,1
4899,3588,3
3769,8554,2
3805,4554,4
1456,3658,2
818,3445,3
909,1507,5
816,8526,4
4226,7605,2
1936,5273,1
1864,666,2
217,3588,5
4968,2492,4
4411,308,3
1428,1748,3
1818,6074,2
2830,6361,1
538,8283,5
4187,8659,1
643,1012,4
2378,1598,1
279,1771,1
4178,2252,3
862,5344,1
3949,493,5
408,577,2
850,1048,2
2903,6090,1
3429,7598,5
1372,72,4
4565,814,2
548,6293,4
2861,5019,3
4459,2121,2
1669,8145,3
3392,4399,2
4860,4907,3
4598,4063,2
3756,5000,1
806,2371,5
621,6977,1
894,3460,1
1743,3439,4
1334,6535,3
768,5632,1
2638,7692,3
2910,2475,4
1209,2748,4
1388,808,1
3380,4102,2
1572,6789,1
2009,2348,4
3942,5805,3
343,2657,3
1562,2130,3
2050,6315,1
1543,920,5
1443,2474,1
3870,4466,4
272,6634,4
2640,3033,4
4221,8224,2
3331,3110,3
1377,2633,1
4303,3990,5
3278,1234,3
2150,2668,5
1363,6833,1
2786,5115,5
847,8751,2
954,7975,5
3653,786,2
800,487,5
3675,4223,3
3258,1243,3
3411,120,4
3801,1701,3
2880,8194,5
1456,12,2
2487,7402,2
1415,2111,3
2355,7389,4
1974,271,4
3614,4186,3
3956,369,1
2497,685,1
43,3813,4
1996,8151,5
2487,4495,2
2583,3156,4
1252,6499,1
3953,5253,2
1747,4957,1
839,3570,5
3126,1729,2
283,4496,3
4107,8042,2
1871,6340,1
335,3981,4
2478,2155,3
3976,806,2
3300,4788,4
1582,6438,4
2425,1215,3
1734,8217,1
1453,5805,4
4063,4359,3
3369,3243,5
4222,3172,4
1733,3527,5
3358,7885,2
4168,6872,2
4620,2081,3
599,3712,5
4530,4996,3
634,7165,4
3920,4759,3
268,3248,4
3783,4107,4
3517,2524,1
3041,7264,2
2043,725,2
4455,7397,1
534,2770,3
2930,2356,2
3733,199,2
4376,3186,4
4991,5188,2
3742,8713,3
2648,762,1
759,5782,4
3510,3197,2
3399,307,4
2191,5584,5
2706,5203,1
4426,3501,4
161,1625,4
3873,3810,2
3287,2656,5
2970,5701,1
2226,1467,2
3751,3663,4
2070,5204,4
6,2788,2
2731,7177,4
3345,3980,2
4099,4896,4
2741,7123,3
4624,7095,5
2577,2528,4
1810,2288,2
2572,3389,1
2208,7063,3
9,4630,4
4328,4590,3
1223,2511,3
3219,643,3
1320,6803,2
1093,7669,5
3517,3814,5
2281,1847,4
987,369,2
1356,7581,4
1710,1484,4
1756,4536,4
3031,6932,2
929,4365,3
16,4021,3
3202,315,3
3672,658,2
1752,4678,5
4023,6296,1
4687,5070,4
3254,1471,5
2685,6645,2
2026,1865,3
49,746,5
1474,6706,2
370,3434,1
4122,4842,5
1982,6856,2
2914,7557,2
2807,8476,4
4037,3903,1
51,5830,5
3530,2509,5
28,1436,5
126,2228,3
958,3169,3
3278,1115,3
3312,1941,1
2494,7685,4
1404,2501,3
4684,7876,3
4915,4006,2
2951,3738,3
694,6550,5
3425,5869,4
1034,4309,4
3551,3776,1
2417,5401,3
596,4765,3
223,1415,3
3775,3651,1
3457,3056,4
4792,4943,4
1742,2066,2
875,2578,4
1730,8525,4
2804,5738,5
3045,609,5
3574,2099,2
1081,6333,3
4486,4493,1
1439,4838,1
4369,8533,2
2972,2213,4
1760,4388,5
4491,5551,2
1101,1876,5
4209,8333,2
1472,3693,4
3104,5477,5
500,4710,2
4011,3807,1
2212,6199,5
582,783,2
3047,876,5
26,5221,3
4830,8381,1
4495,4925,4
4276,3679,2
1283,6524,1
4381,2930,2
781,6710,4
3128,969,1
1545,1771,5
2474,3531,2
4705,7544,1
4845,1341,1
2897,3486,1
3392,7216,1
402,1747,1
2049,3674,5
4498,2138,2
4887,4958,2
829,7354,2
2943,526,2
105,4568,5
2147,7345,5
2986,3164,3
2514,3385,3
1137,4368,4
4669,409,1
3576,5020,3
701,3483,3
4346,826,5
1424,504,2
211,1614,5
4319,2568,2
2450,1717,1
3465,5031,3
1504,3945,2
4765,6713,4
3797,8726,4
1080,6751,3
4302,1291,3
3557,2950,4
897,2391,5
2983,1038,4
2727,5680,5
1525,5668,4
3662,2951,1
1160,3432,2
1356,1066,5
2398,2035,3
1392,6261,4
1954,3320,3
2273,7876,3
3036,3510,2
1516,6274,1
2221,5806,4
744,1421,3
2205,5724,1
4563,5935,2
1873,367,3
2438,2794,2
1150,5901,3
4786,6460,4
1807,3489,2
3573,6764,4
1152,3742,4
1966,6246,3
4485,5101,2
3397,519,4
1875,7471,1
1511,7017,5
2811,75,1
1263,2714,4
1666,4961,5
634,101,4
285,1801,5
4258,5227,3
2581,564,4
3624,246,2
1120,3459,4
4700,5935,3
3145,2527,5
755,89,1
2916,7950,4
3285,7,5
340,4108,2
11,3276,5
3630,4302,1
3447,4920,2
2995,1787,2
1419,6608,5
2878,457,2
3189,1461,2
2763,1101,2
609,1511,5
2886,2150,3
456,8592,1
2083,3791,4
2468,5289,5
673,1436,2
4549,996,5
4233,3328,5
2422,3607,2
1944,7764,2
3769,7517,3
3879,7711,5
4603,3423,3
4651,1374,4
3244,1088,1
1977,6269,4
3310,1157,3
960,2695,5
3262,5587,2
4356,4029,1
3115,458,2
1933,299,3
1702,5284,2
4055,2583,2
3108,261,2
3611,4193,3
791,6671,4
1040,2132,2
1501,7106,2
4124,2134,4
3202,6844,3
2853,6280,2
2274,3638,2
1230,1922,3
3690,2021,5
765,375,5
2025,846,5
690,7778,3
4718,1493,4
3892,8743,2
1707,2784,5
124,1386,3
459,845,3
815,7678,5
956,4956,1
4334,1405,5
4563,1787,3
2259,3756,2
892,1779,5
3157,6094,4
1629,6483,5
1351,7350,4
4710,3662,4
2833,6444,3
2820,5721,3
618,6197,3
1997,368,3
1173,6869,4
1560,8697,3
229,5828,2
2761,5881,2
1354,3236,3
3119,7118,2
1861,3392,2
1969,1717,4
4521,1028,1
890,5990,2
2834,7301,1
1755,943,5
120,969,3
2082,2884,4
3795,6977,3
4548,79,4
1332,3495,5
1499,707,1
4802,241,1
2146,8171,4
2282,1798,1
3451,5959,2
440,4559,2
2740,3236,4
1100,1048,3
1436,8470,3
3020,2190,1
1249,6342,4
2523,6322,4
3846,4292,4
2096,6686,4
177,6564,4
1226,6199,2
716,164,5
2235,78,3
3014,2642,4
1902,4438,1
2848,6771,3
4353,3606,4
4190,6161,1
503,3832,2
2204,522,3
4236,8307,1
1502,392,2
2889,6882,3
3893,1095,1
986,8139,4
3471,8636,5
3987,3588,2
4530,4565,5
2214,3029,5
1834,3635,2
2126,7406,2
1654,1802,4
2508,3830,4
2991,8018,5
2674,1073,4
67,4360,5
2739,7260,5
101,3468,3
500,6116,1
762,2531,5
4793,2029,1
507,3351,4
1578,8655,1
1230,139,5
2443,1195,1
2967,7148,3
3547,4593,2
352,5476,1
491,5573,4
2461,5610,2
3079,5272,5
810,2593,1
1506,846,3
2102,6412,3
119,4343,1
3348,37,4
933,7971,5
4332,4140,5
3983,2315,5
122,5988,1
57,8227,4
893,2437,3
3452,5985,1
4250,5373,3
4223,7689,1
2177,5654,2
744,2220,4
884,2359,2
657,4208,2
2410,4877,2
3399,3583,2
4489,3187,2
1778,4994,4
3307,6941,4
1279,6062,5
3772,2091,5
2331,4624,5
234,556,1
2854,233,1
79,2758,3
1162,4161,4
1469,3968,3
3057,3615,2
1617,6594,2
4893,4698,1
4673,6201,2
1583,6270,2
557,2093,4
378,7737,5
2210,1484,4
828,6703,5
22,4184,1
1769,1787,1
2917,5144,4
1120,6788,2
4908,2019,4
2203,2777,3
2656,4089,2
1288,8320,2
4566,2124,5
2899,1067,5
4996,3685,1
4717,65,3
2210,110,3
2763,172,2
4505,5260,1
3621,4710,3
2323,5616,5
2644,4163,1
344,705,4
4721,6176,2
3122,4582,1
2103,2177,3
3655,1079,2
3019,2125,2
2946,2567,2
2276,2368,3
1254,3803,5
1786,7398,3
4268,2452,3
2627,1929,3
4704,7324,1
4496,4732,4
3829,1983,1
123,8450,3
1369,1663,1
382,7334,5
3133,2844,4
1268,2111,3
4426,3008,3
3493,6359,2
380,1636,1
1926,4073,2
4690,6578,3
1910,3801,1
1017,181,1
586,8384,2
4156,2255,3
1499,6349,4
3925,2506,2
3830,8271,4
2441,2191,2
1640,2025,2
3997,458,1
3847,5642,5
2231,7164,1
3485,942,3
145,8417,2
4237,7382,2
3385,8163,5
3002,2364,3
3781,2489,1
4199,6742,1
3234,4992,5
1220,5766,3
403,5661,5
2803,6944,4
828,530,4
60,2765,5
4459,7343,2
2351,486,5
156,5522,1
2133,608,4
4491,412,1
3436,7303,4
4822,8460,3
2730,1202,4
412,1969,1
4510,444,5
3652,6510,1
1855,5158,1
2309,8573,5
1512,4718,2
91,4702,1
4158,5543,5
4460,4796,1
720,2255,5
1016,7658,3
2921,8793,2
1028,6117,3
2934,6970,1
2325,1517,2
3685,6031,4
3131,5259,1
4036,1103,4
3795,7562,5
2236,4710,2
3436,1288,4
4358,2070,2
260,5767,1
3933,7283,5
40,5667,4
934,7245,5
4987,3548,2
4060,4614,4
677,4444,5
2301,1668,2
1941,7526,4
391,5259,2
3942,6859,5
4009,4859,3
2890,420,5
4825,6301,2
367,8038,4
1628,653,2
1974,2449,3
662,6940,3
4508,2968,5
3836,6541,1
335,2476,2
4994,6979,1
564,8492,4
4078,4881,5
1793,7004,2
422,286,1
188,6610,5
4869,1878,5
4716,7016,5
4534,3069,2
1859,3325,1
2003,741,5
3412,6068,1
2549,2968,3
2243,3423,4
3494,6893,5
3752,3037,3
456,36,2
107,3964,3
1489,6067,4
3158,2672,5
4358,7783,2
2484,8786,5
1324,4049,2
4613,6616,1
3587,7153,5
2174,3527,3
1200,3253,1
3312,1906,1
774,3786,3
4098,4774,2
4723,6177,2
4696,7608,5
2744,6043,4
4051,122,3
272,3229,3
442,8727,1
184,5167,1
580,3092,3
3240,4058,5
458,2256,1
1353,7279,1
664,5803,1
4404,1315,1
977,1645,1
3451,1304,5
832,2421,3
2937,1901,1
542,39,3
1869,1051,3
84,5849,1
882,5203,1
737,8081,1
2283,3073,3
1361,8721,5
3402,4215,2
2272,2,1
3172,6095,3
1174,7950,1
838,4734,2
2684,4035,4
689,454,4
4899,861,3
23,2180,1
4051,5188,1
3717,2865,4
1273,6116,1
696,3094,2
548,4747,5
1142,6559,1
1101,5053,1
1433,8205,5
1503,8346,1
2539,2873,4
2787,1055,2
3937,5905,3
3976,670,2
4653,7907,5
1068,8528,2
4064,8089,4
2988,32,5
2864,7129,4
3173,2457,5
4962,2069,5
4456,3094,2
1088,7178,4
2096,3392,4
558,2439,4
3565,7834,5
3223,6069,3
158,4033,4
1031,2998,1
1977,1735,2
31,7531,2
707,7020,3
2872,4048,5
2985,854,1
2971,4063,4
1416,6173,5
2769,2961,2
883,2187,1
4905,3507,1
787,5151,4
4781,6790,3
141,6253,4
2422,1526,5
1733,7483,2
2492,339,5
1041,2894,1
2691,5647,5
1888,8277,1
3432,4870,4
1411,4231,1
1493,7498,4
590,1924,2
1936,353,3
2001,3053,3
2614,331,1
4970,5442,5
1952,3031,2
3840,8561,5
3761,6332,2
1586,102,2
285,2651,1
2896,5592,3
2971,2074,2
4136,5805,4
4798,6657,5
1524,4535,4
3292,1584,2
4177,152,2
2536,3578,3
4198,1134,3
2266,4164,4
4607,6625,2
4857,3653,3
2486,6180,1
1345,7181,4
1549,6385,1
1273,6108,3
2687,8270,4
3536,6831,3
1795,1579,5
2568,3786,1
1381,5150,3
730,8682,4
814,5986,3
1388,1123,2
4407,2634,2
741,8262,3
2913,2176,1
1605,5418,3
4573,1860,2
520,3649,5
3592,2435,4
3836,5116,5
3765,7303,5
1027,4443,1
4814,6771,5
2572,7230,3
975,7560,4
450,2817,4
4302,2535,3
3314,792,4
919,7558,3
3134,4529,4
448,5374,3
1893,2042,3
14,7526,5
3852,5209,1
2807,3568,1
3158,3775,3
3724,8676,3
1655,4287,3
3489,34,2
1687,5747,5
2276,8607,1
2080,7128,3
2347,2536,5
3135,4352,4
514,4094,5
4490,1198,1
45,1163,2
341,8706,1
2135,4093,4
680,3231,2
157,91,1
1809,6131,4
594,585,4
3225,4278,2
3859,5342,4
4043,7940,4
3448,2604,1
2429,5939,5
1301,772,4
199,1147,4
4962,2648,2
3026,6167,2
3882,6459,4
1593,728,5
1825,2274,4
4527,7766,5
2745,3985,5
2465,6587,2
2023,6300,2
3216,712,3
620,843,4
4896,1724,4
3207,1677,3
3767,4680,1
4224,5990,5
3462,6066,3
1350,1673,3
2036,2190,2
4152,520,5
4760,5602,1
1776,3192,2
96,4088,1
3424,4174,4
986,5310,4
2682,4220,4
2598,4428,2
569,6997,4
1079,7615,5
2274,7562,3
1614,3626,4
1106,7826,3
2817,215,3
1775,3791,2
1398,1955,4
4462,5031,4
2279,2102,2
4953,348,2
1112,8737,3
57,7241,4
3877,4849,2
3616,3887,5
294,7988,5
4916,6376,2
670,6309,2
3539,7925,3
201,6852,3
367,7796,5
4471,1736,5
164,4220,2
2574,1336,2
4135,8615,4
3638,4543,5
257,96,3
2262,1196,2
1002,3032,1
4680,10,4
3844,2973,4
193,7826,3
1643,4611,1
3512,4346,4
4185,3242,3
4197,7973,4
4277,170,4
4332,2747,5
32,3995,5
1897,6895,5
2210,1926,1
2804,4516,5
2942,3,3
4381,4846,2
75,4976,4
3103,1958,4
111,2813,4
4696,5555,3
2644,5686,4
1984,2258,2
3964,8077,1
1944,5252,4
3949,7447,5
3335,20,5
4095,8562,3
3250,3553,5
1782,2745,2
1220,5647,5
4601,6991,5
4649,2124,5
2263,6646,4
1051,2179,4
1907,7924,5
4316,8152,3
2517,2792,3
1703,7431,5
4515,1957,3
4665,3153,3
4945,4892,2
2842,2996,4
2138,6974,3
3944,6299,4
3343,5799,2
2668,5097,4
3391,8193,4
1616,6942,5
2699,5730,2
4446,1886,4
4928,2662,5
1944,4379,3
3052,320,3
4247,5703,1
3308,3345,5
3983,62,5
3598,7641,4
4313,5555,1
2249,3780,2
1824,2441,3
1514,1732,4
2711,4607,5
2096,3510,5
833,8570,2
175,778,1
2521,4536,4
746,8059,4
116,1854,3
2099,3018,4
1848,8114,1
4725,6436,1
2173,2951,2
3941,4007,1
627,1880,5
553,2933,5
4883,6821,3
4525,2471,5
1236,4238,3
3256,8290,4
1265,1380,1
4346,4095,3
4007,8797,2
1414,7892,2
3205,1618,4
1398,978,4
930,7667,3
907,2854,4
223,8441,3
48,7814,5
4374,2308,1
1036,2042,5
4418,219,1
2289,5248,3
2497,195,4
2852,860,5
3,2206,4
1105,2888,5
1491,3030,3
1109,6214,4
3113,5978,3
3037,8132,3
2021,6878,1
2385,1415,5
637,5270,5
3134,7195,1
2449,6144,3
2320,8339,2
4881,3707,4
32,7305,3
4433,7524,4
1047,2285,5
2092,5357,3
879,1418,5
3278,4829,2
323,970,5
170,4829,3
3264,2427,1
2682,6335,4
1467,3093,1
2905,129,1
3824,1712,4
4865,7350,1
33,883,3
1387,2412,4
899,1245,3
4920,2910,1
1628,655,2
3640,3540,3
1343,1685,1
944,1096,5
4628,5536,3
3412,8296,4
1393,7767,2
1607,2859,2
4411,8116,1
611,1988,5
2518,5007,3
1616,1782,1
838,2792,3
626,812,5
4726,4685,3
445,1832,4
1352,3875,1
1227,3844,4
327,3223,1
448,6992,3
3003,3045,5
934,1880,3
1790,4212,1
3228,6866,3
4187,1302,1
2694,4923,5
4319,7712,5
3501,2280,5
3041,1770,1
234,3945,5
2952,8514,3
1297,732,1
1583,3717,3
1243,7681,5
1323,4922,3
4684,5678,3
1676,6435,5
4490,6498,2
710,8370,1
4054,2327,3
4652,6106,2
3561,784,5
1348,7775,5
1060,4301,1
4882,7938,4
4107,5855,4
38,6237,3
3839,4857,5
1392,2600,4
3001,1960,1
2817,623,2
4335,5587,2
801,6784,2
1334,6981,4
3500,4344,5
2646,129,4
856,7589,3
1706,730,1
355,1350,1
546,514,2
873,940,4
2382,5133,2
4112,5658,5
3089,3704,3
4232,531,5
1798,2211,1
449,26,4
3662,2635,4
2258,3172,3
494,7727,5
361,7933,3
2096,4811,3
4669,6828,5
1329,4464,3
1393,1097,3
2626,2602,5
4376,370,3
4967,2915,4
3096,3650,1
3015,2874,5
684,2545,1
3857,2143,3
2779,716,4
2226,662,3
312,3283,4
349,4718,1
4805,5278,2
2112,911,2
2324,7043,5
4510,5178,2
4280,1235,2
1181,2838,5
4033,7967,4
4320,4130,2
321,8769,5
2379,7553,3
825,5679,4
3928,8113,5
979,6203,2
3166,5795,2
4680,2443,4
1534,3322,2
4910,2993,1
4928,7617,2
480,5423,4
3446,4742,5
1749,1381,2
2548,5838,4
2777,3914,5
4134,4046,5
1916,912,4
1655,2997,3
544,1066,2
3710,6366,3
2955,428,4
1422,3658,1
1287,3308,1
3750,7784,4
4728,5322,5
3612,5610,4
3207,5358,1
2594,6118,5
4981,7908,4
2620,5018,5
3315,8486,2
2523,7675,4
1516,8030,1
1388,8441,1
3043,1626,1
4619,6290,5
3942,4298,1
3047,458,4
2887,5397,5
2485,8153,4
4832,2811,2
817,2389,5
3950,3970,2
4605,7395,4
4223,625,3
917,3219,4
1428,4322,5
3079,5428,2
2707,1144,3
3156,4064,4
1973,6138,4
4602,7406,2
2741,695,3
1711,5128,5
4801,8551,5
2972,3725,3
1111,793,5
4920,3337,4
1668,6862,1
1013,3194,5
329,145,5
4364,8266,2
3553,8661,4
2201,6023,2
2627,249,3
661,8798,1
1250,4773,4
2784,4558,4
2193,7332,1
4970,3445,4
2464,3231,5
212,7,1
4449,7292,2
1957,1956,4
2395,3845,2
3646,4254,4
3282,5954,3
3247,2740,4
1101,2218,3
3670,8698,4
1836,2713,4
879,889,3
4525,3360,1
1556,2906,4
1482,1592,4
3098,2777,1
1928,8703,3
2156,2930,4
1577,6702,5
2465,7278,5
4975,2139,2
3175,7345,1
2140,2483,4
3395,2308,1
1854,1299,2
3774,5198,3
1847,2888,4
1412,4892,3
2198,1601,3
121,8090,5
2450,7547,3
3924,3972,2
2931,6641,3
822,3637,5
2994,2713,1
971,7439,5
1674,31,2
3344,2136,4
2334,3620,1
3021,6500,3
3854,2186,5
4634,2971,1
1708,7070,1
2650,6827,4
910,3702,2
1250,6356,5
917,480,3
2945,2008,5
2509,2916,1
2481,2233,2
1898,1710,3
95,8150,4
1988,8062,1
4657,4970,2
4442,1271,1
187,166,5
880,3511,4
139,6448,4
2974,5088,2
3867,4253,4
2098,2635,4
1112,1023,2
3928,5456,1
4983,8733,1
4340,6250,3
1682,1971,3
4891,7914,2
2172,382,2
1686,5479,5
2507,5436,3
2038,794,2
2992,7525,5
1545,8330,2
4034,3886,2
3249,7677,2
1759,5017,4
1653,8277,1
3735,3626,1
225,6920,1
4600,99,3
3235,1,1
2969,966,3
3056,8757,2
4234,4201,5
2062,2793,2
1063,3168,1
2218,853,5
2197,3938,2
3662,2616,2
103,1488,3
2552,1977,5
4053,4810,5
193,6333,4
2617,450,5
4997,2424,5
3071,2474,5
1865,5100,1
1318,8539,5
732,8484,2
3311,498,2
4400,286,4
803,7099,4
4368,8404,2
2626,8593,4
3036,1205,2
3131,4436,4
4104,7345,3
4564,8082,3
1508,6793,3
1137,2638,1
2999,7308,1
696,2761,2
4100,7468,5
372,4528,3
3184,4483,5
2897,72,3
3374,1377,5
4899,8208,1
772,7251,1
772,6126,1
590,338,1
4476,6364,5
4597,8461,4
587,598,1
4490,3477,4
746,4305,2
1221,6703,5
1391,963,2
3083,993,2
4098,6855,3
585,4298,4
2558,5513,4
3358,3931,2
1183,3533,2
4852,3860,5
1427,7420,4
2834,1152,4
2337,7366,2
4914,4110,2
3917,4995,1
1754,1583,3
461,2541,1
2671,27,4
2620,2711,2
688,95,3
3245,3374,4
2611,2915,1
4505,725,3
1518,6424,4
4149,8631,4
1815,3627,1
3484,27,1
2512,337,1
2093,7967,4
1327,1746,2
3598,2299,2
1813,4279,5
352,5165,4
4805,5333,1
2516,6992,2
2149,4916,4
956,7254,3
856,7950,5
4546,6038,2
881,8684,1
1851,5107,5
1968,235,4
953,1029,2
3079,7194,2
1285,7108,2
737,2184,5
744,8066,1
2567,7363,1
3796,7611,2
2206,538,5
1009,1986,4
523,5629,1
2854,3013,5
2669,2654,4
4040,8120,4
3584,5077,5
3844,3133,5
3232,5127,2
381,2050,4
419,5691,2
4648,1933,4
3166,384,4
2806,5339,2
1523,8761,4
4847,5767,2
823,3919,4
3963,3626,2
2825,8685,1
1528,7404,4
1069,1334,5
3628,4712,5
2582,696,5
3076,8004,4
4833,8484,1
3829,363,4
3618,5439,5
1088,7244,4
1987,1282,3
2822,6978,4
3653,6546,1
1543,2041,4
1011,5600,2
1361,2308,3
4390,7137,2
794,3281,2
2281,2784,1
107,7526,3
1234,5678,5